CREATE DATABASE  IF NOT EXISTS `db_yasuki` /*!40100 DEFAULT CHARACTER SET utf8mb4 COLLATE utf8mb4_0900_ai_ci */ /*!80016 DEFAULT ENCRYPTION='N' */;
USE `db_yasuki`;
-- MySQL dump 10.13  Distrib 8.0.35, for Linux (x86_64)
--
-- Host: localhost    Database: db_yasuki
-- ------------------------------------------------------
-- Server version	8.0.35

/*!40101 SET @OLD_CHARACTER_SET_CLIENT=@@CHARACTER_SET_CLIENT */;
/*!40101 SET @OLD_CHARACTER_SET_RESULTS=@@CHARACTER_SET_RESULTS */;
/*!40101 SET @OLD_COLLATION_CONNECTION=@@COLLATION_CONNECTION */;
/*!50503 SET NAMES utf8mb4 */;
/*!40103 SET @OLD_TIME_ZONE=@@TIME_ZONE */;
/*!40103 SET TIME_ZONE='+00:00' */;
/*!40014 SET @OLD_UNIQUE_CHECKS=@@UNIQUE_CHECKS, UNIQUE_CHECKS=0 */;
/*!40014 SET @OLD_FOREIGN_KEY_CHECKS=@@FOREIGN_KEY_CHECKS, FOREIGN_KEY_CHECKS=0 */;
/*!40101 SET @OLD_SQL_MODE=@@SQL_MODE, SQL_MODE='NO_AUTO_VALUE_ON_ZERO' */;
/*!40111 SET @OLD_SQL_NOTES=@@SQL_NOTES, SQL_NOTES=0 */;

--
-- Table structure for table `cart_items`
--

DROP TABLE IF EXISTS `cart_items`;
/*!40101 SET @saved_cs_client     = @@character_set_client */;
/*!50503 SET character_set_client = utf8mb4 */;
CREATE TABLE `cart_items` (
  `id` int NOT NULL AUTO_INCREMENT,
  `quantity` int DEFAULT NULL,
  `product_id` int DEFAULT NULL,
  `user_id` int DEFAULT NULL,
  PRIMARY KEY (`id`),
  KEY `FKt5ytj44vpktaa6t9o4906gi2d` (`product_id`),
  KEY `FKsy01evyog4nc8vgw1769u5tyg` (`user_id`),
  CONSTRAINT `FKsy01evyog4nc8vgw1769u5tyg` FOREIGN KEY (`user_id`) REFERENCES `users` (`id`),
  CONSTRAINT `FKt5ytj44vpktaa6t9o4906gi2d` FOREIGN KEY (`product_id`) REFERENCES `products` (`id`)
) ENGINE=InnoDB AUTO_INCREMENT=3 DEFAULT CHARSET=utf8mb4 COLLATE=utf8mb4_0900_ai_ci;
/*!40101 SET character_set_client = @saved_cs_client */;

--
-- Dumping data for table `cart_items`
--

LOCK TABLES `cart_items` WRITE;
/*!40000 ALTER TABLE `cart_items` DISABLE KEYS */;
/*!40000 ALTER TABLE `cart_items` ENABLE KEYS */;
UNLOCK TABLES;

--
-- Table structure for table `discount_item`
--

DROP TABLE IF EXISTS `discount_item`;
/*!40101 SET @saved_cs_client     = @@character_set_client */;
/*!50503 SET character_set_client = utf8mb4 */;
CREATE TABLE `discount_item` (
  `id` int NOT NULL AUTO_INCREMENT,
  `date_create` datetime(6) DEFAULT NULL,
  `percent_discount` double DEFAULT NULL,
  `type` varchar(255) DEFAULT NULL,
  `category_id` int DEFAULT NULL,
  PRIMARY KEY (`id`),
  KEY `FK8v8xe32176usm2jf9e3jt13xf` (`category_id`),
  CONSTRAINT `FK8v8xe32176usm2jf9e3jt13xf` FOREIGN KEY (`category_id`) REFERENCES `my_categories` (`id`)
) ENGINE=InnoDB DEFAULT CHARSET=utf8mb4 COLLATE=utf8mb4_0900_ai_ci;
/*!40101 SET character_set_client = @saved_cs_client */;

--
-- Dumping data for table `discount_item`
--

LOCK TABLES `discount_item` WRITE;
/*!40000 ALTER TABLE `discount_item` DISABLE KEYS */;
/*!40000 ALTER TABLE `discount_item` ENABLE KEYS */;
UNLOCK TABLES;

--
-- Table structure for table `evaluate`
--

DROP TABLE IF EXISTS `evaluate`;
/*!40101 SET @saved_cs_client     = @@character_set_client */;
/*!50503 SET character_set_client = utf8mb4 */;
CREATE TABLE `evaluate` (
  `id` int NOT NULL AUTO_INCREMENT,
  `content` varchar(1024) DEFAULT NULL,
  `name_user` varchar(255) DEFAULT NULL,
  `num_star` int DEFAULT NULL,
  `product_id` int DEFAULT NULL,
  PRIMARY KEY (`id`),
  KEY `FKsqmn2cvgnxcqlmdt7f1eumq6e` (`product_id`),
  CONSTRAINT `FKsqmn2cvgnxcqlmdt7f1eumq6e` FOREIGN KEY (`product_id`) REFERENCES `products` (`id`)
) ENGINE=InnoDB AUTO_INCREMENT=2 DEFAULT CHARSET=utf8mb4 COLLATE=utf8mb4_0900_ai_ci;
/*!40101 SET character_set_client = @saved_cs_client */;

--
-- Dumping data for table `evaluate`
--

LOCK TABLES `evaluate` WRITE;
/*!40000 ALTER TABLE `evaluate` DISABLE KEYS */;
/*!40000 ALTER TABLE `evaluate` ENABLE KEYS */;
UNLOCK TABLES;

--
-- Table structure for table `group_categories`
--

DROP TABLE IF EXISTS `group_categories`;
/*!40101 SET @saved_cs_client     = @@character_set_client */;
/*!50503 SET character_set_client = utf8mb4 */;
CREATE TABLE `group_categories` (
  `id` int NOT NULL AUTO_INCREMENT,
  `is_active` bit(1) DEFAULT NULL,
  `name` varchar(255) DEFAULT NULL,
  `slug` varchar(255) DEFAULT NULL,
  PRIMARY KEY (`id`),
  UNIQUE KEY `UK_4a72esch5swkscj6uojccx6ff` (`slug`)
) ENGINE=InnoDB AUTO_INCREMENT=25 DEFAULT CHARSET=utf8mb4 COLLATE=utf8mb4_0900_ai_ci;
/*!40101 SET character_set_client = @saved_cs_client */;

--
-- Dumping data for table `group_categories`
--

LOCK TABLES `group_categories` WRITE;
/*!40000 ALTER TABLE `group_categories` DISABLE KEYS */;
INSERT INTO `group_categories` VALUES (8,_binary '','Mỹ Phẩm High-End','my-pham-high-end'),(9,_binary '','Làm Sạch Da Mặt','lam-sach-da-mat'),(10,_binary '','Dưỡng Ẩm Da Mặt','duong-am-da-mat'),(11,_binary '','Chống Nắng','chong-nang'),(12,_binary '','Mặt Nạ','mat-na'),(13,_binary '','Trang Điểm Mặt','trang-iem-mat'),(15,_binary '\0','Trang Điểm Mắt/Môi','trang-iem-matmoi'),(16,_binary '','Dụng Cụ Trang Điểm','dung-cu-trang-iem'),(17,_binary '','Tóc và Da Đầu','toc-va-da-au'),(18,_binary '','Cơ Thể','co-the'),(19,_binary '','Răng Miệng','rang-mieng'),(20,_binary '','Tình Nhân','tinh-nhan'),(21,_binary '','Khử Mùi','khu-mui'),(22,_binary '','Nước Hoa','nuoc-hoa'),(23,_binary '','Thực Phẩm Chức Năng','thuc-pham-chuc-nang'),(24,_binary '','Các Sản Phẩm Khác','cac-san-pham-khac');
/*!40000 ALTER TABLE `group_categories` ENABLE KEYS */;
UNLOCK TABLES;

--
-- Table structure for table `my_categories`
--

DROP TABLE IF EXISTS `my_categories`;
/*!40101 SET @saved_cs_client     = @@character_set_client */;
/*!50503 SET character_set_client = utf8mb4 */;
CREATE TABLE `my_categories` (
  `id` int NOT NULL AUTO_INCREMENT,
  `image` varchar(1024) DEFAULT NULL,
  `is_active` bit(1) DEFAULT NULL,
  `name` varchar(255) DEFAULT NULL,
  `slug` varchar(255) DEFAULT NULL,
  `group_id` int DEFAULT NULL,
  PRIMARY KEY (`id`),
  UNIQUE KEY `UK_tnkxxbb4tbac3ben5t50ilgia` (`slug`),
  KEY `FKgypydypfbbyltiganwuftqb57` (`group_id`),
  CONSTRAINT `FKgypydypfbbyltiganwuftqb57` FOREIGN KEY (`group_id`) REFERENCES `group_categories` (`id`)
) ENGINE=InnoDB AUTO_INCREMENT=98 DEFAULT CHARSET=utf8mb4 COLLATE=utf8mb4_0900_ai_ci;
/*!40101 SET character_set_client = @saved_cs_client */;

--
-- Dumping data for table `my_categories`
--

LOCK TABLES `my_categories` WRITE;
/*!40000 ALTER TABLE `my_categories` DISABLE KEYS */;
INSERT INTO `my_categories` VALUES (1,'//theme.hstatic.net/1000006063/1000748098/14/home_category_3_medium.png?v=13260',_binary '\0','Tẩy Trang','tay-trang',9),(2,'//theme.hstatic.net/1000006063/1000748098/14/home_category_3_medium.png?v=13260',_binary '\0','Rửa Mặt','rua-mat',9),(10,'https://klairsvietnam.vn/wp-content/uploads/2020/07/nuoc-hoa-hong-khong-mui-klairs.jpg',_binary '\0','Toner','toner',9),(12,'https://scontent.fsgn5-10.fna.fbcdn.net/v/t39.30808-6/380799147_746272694179543_6996374305170939327_n.jpg?_nc_cat=107&ccb=1-7&_nc_sid=5f2048&_nc_ohc=d_lcahAdsx0AX_hLtsZ&_nc_oc=AQkcA9x-4SWDT50JsQqP1og2osLRPMpkd6m0q5ekCfpIIr-1TGRd6vmvT0UUNsddCNg&_nc_ht=scontent.fsgn5-10.fna&cb_e2o_trans=q&oh=00_AfCdHrZoz6nn7qzyBy17MGkd1B9m_WI4w_PSO5E6Hr26Ig&oe=655CDFF9',_binary '\0','Dầu Gội','dau-goi',17),(13,'https://scontent.fsgn5-10.fna.fbcdn.net/v/t39.30808-6/380799147_746272694179543_6996374305170939327_n.jpg?_nc_cat=107&ccb=1-7&_nc_sid=5f2048&_nc_ohc=d_lcahAdsx0AX_hLtsZ&_nc_oc=AQkcA9x-4SWDT50JsQqP1og2osLRPMpkd6m0q5ekCfpIIr-1TGRd6vmvT0UUNsddCNg&_nc_ht=scontent.fsgn5-10.fna&cb_e2o_trans=q&oh=00_AfCdHrZoz6nn7qzyBy17MGkd1B9m_WI4w_PSO5E6Hr26Ig&oe=655CDFF9',_binary '\0','Dầu Xả','dau-xa',17),(14,'https://scontent.fsgn5-10.fna.fbcdn.net/v/t39.30808-6/380799147_746272694179543_6996374305170939327_n.jpg?_nc_cat=107&ccb=1-7&_nc_sid=5f2048&_nc_ohc=d_lcahAdsx0AX_hLtsZ&_nc_oc=AQkcA9x-4SWDT50JsQqP1og2osLRPMpkd6m0q5ekCfpIIr-1TGRd6vmvT0UUNsddCNg&_nc_ht=scontent.fsgn5-10.fna&cb_e2o_trans=q&oh=00_AfCdHrZoz6nn7qzyBy17MGkd1B9m_WI4w_PSO5E6Hr26Ig&oe=655CDFF9',_binary '\0','Bộ Gội-Xả','bo-goi-xa',17),(15,'https://scontent.fsgn5-10.fna.fbcdn.net/v/t39.30808-6/380799147_746272694179543_6996374305170939327_n.jpg?_nc_cat=107&ccb=1-7&_nc_sid=5f2048&_nc_ohc=d_lcahAdsx0AX_hLtsZ&_nc_oc=AQkcA9x-4SWDT50JsQqP1og2osLRPMpkd6m0q5ekCfpIIr-1TGRd6vmvT0UUNsddCNg&_nc_ht=scontent.fsgn5-10.fna&cb_e2o_trans=q&oh=00_AfCdHrZoz6nn7qzyBy17MGkd1B9m_WI4w_PSO5E6Hr26Ig&oe=655CDFF9',_binary '\0','Mặt Nạ/Kem Ủ Tóc','mat-nakem-u-toc',17),(16,'https://scontent.fsgn5-10.fna.fbcdn.net/v/t39.30808-6/380799147_746272694179543_6996374305170939327_n.jpg?_nc_cat=107&ccb=1-7&_nc_sid=5f2048&_nc_ohc=d_lcahAdsx0AX_hLtsZ&_nc_oc=AQkcA9x-4SWDT50JsQqP1og2osLRPMpkd6m0q5ekCfpIIr-1TGRd6vmvT0UUNsddCNg&_nc_ht=scontent.fsgn5-10.fna&cb_e2o_trans=q&oh=00_AfCdHrZoz6nn7qzyBy17MGkd1B9m_WI4w_PSO5E6Hr26Ig&oe=655CDFF9',_binary '\0','Serum/Dầu Dưỡng','serumdau-duong',17),(17,'https://scontent.fsgn5-10.fna.fbcdn.net/v/t39.30808-6/380799147_746272694179543_6996374305170939327_n.jpg?_nc_cat=107&ccb=1-7&_nc_sid=5f2048&_nc_ohc=d_lcahAdsx0AX_hLtsZ&_nc_oc=AQkcA9x-4SWDT50JsQqP1og2osLRPMpkd6m0q5ekCfpIIr-1TGRd6vmvT0UUNsddCNg&_nc_ht=scontent.fsgn5-10.fna&cb_e2o_trans=q&oh=00_AfCdHrZoz6nn7qzyBy17MGkd1B9m_WI4w_PSO5E6Hr26Ig&oe=655CDFF9',_binary '\0','Xịt Dưỡng','xit-duong',17),(18,'https://scontent.fsgn5-10.fna.fbcdn.net/v/t39.30808-6/380799147_746272694179543_6996374305170939327_n.jpg?_nc_cat=107&ccb=1-7&_nc_sid=5f2048&_nc_ohc=d_lcahAdsx0AX_hLtsZ&_nc_oc=AQkcA9x-4SWDT50JsQqP1og2osLRPMpkd6m0q5ekCfpIIr-1TGRd6vmvT0UUNsddCNg&_nc_ht=scontent.fsgn5-10.fna&cb_e2o_trans=q&oh=00_AfCdHrZoz6nn7qzyBy17MGkd1B9m_WI4w_PSO5E6Hr26Ig&oe=655CDFF9',_binary '\0','Thuốc Nhuộm','thuoc-nhuom',17),(19,'https://scontent.fsgn5-10.fna.fbcdn.net/v/t39.30808-6/380799147_746272694179543_6996374305170939327_n.jpg?_nc_cat=107&ccb=1-7&_nc_sid=5f2048&_nc_ohc=d_lcahAdsx0AX_hLtsZ&_nc_oc=AQkcA9x-4SWDT50JsQqP1og2osLRPMpkd6m0q5ekCfpIIr-1TGRd6vmvT0UUNsddCNg&_nc_ht=scontent.fsgn5-10.fna&cb_e2o_trans=q&oh=00_AfCdHrZoz6nn7qzyBy17MGkd1B9m_WI4w_PSO5E6Hr26Ig&oe=655CDFF9',_binary '\0','Serum','serum',8),(20,'https://scontent.fsgn5-10.fna.fbcdn.net/v/t39.30808-6/380799147_746272694179543_6996374305170939327_n.jpg?_nc_cat=107&ccb=1-7&_nc_sid=5f2048&_nc_ohc=d_lcahAdsx0AX_hLtsZ&_nc_oc=AQkcA9x-4SWDT50JsQqP1og2osLRPMpkd6m0q5ekCfpIIr-1TGRd6vmvT0UUNsddCNg&_nc_ht=scontent.fsgn5-10.fna&cb_e2o_trans=q&oh=00_AfCdHrZoz6nn7qzyBy17MGkd1B9m_WI4w_PSO5E6Hr26Ig&oe=655CDFF9',_binary '\0','Kem Dưỡng','kem-duong',8),(21,'https://scontent.fsgn5-10.fna.fbcdn.net/v/t39.30808-6/380799147_746272694179543_6996374305170939327_n.jpg?_nc_cat=107&ccb=1-7&_nc_sid=5f2048&_nc_ohc=d_lcahAdsx0AX_hLtsZ&_nc_oc=AQkcA9x-4SWDT50JsQqP1og2osLRPMpkd6m0q5ekCfpIIr-1TGRd6vmvT0UUNsddCNg&_nc_ht=scontent.fsgn5-10.fna&cb_e2o_trans=q&oh=00_AfCdHrZoz6nn7qzyBy17MGkd1B9m_WI4w_PSO5E6Hr26Ig&oe=655CDFF9',_binary '\0','Kem Nền','kem-nen',8),(22,'https://scontent.fsgn5-10.fna.fbcdn.net/v/t39.30808-6/380799147_746272694179543_6996374305170939327_n.jpg?_nc_cat=107&ccb=1-7&_nc_sid=5f2048&_nc_ohc=d_lcahAdsx0AX_hLtsZ&_nc_oc=AQkcA9x-4SWDT50JsQqP1og2osLRPMpkd6m0q5ekCfpIIr-1TGRd6vmvT0UUNsddCNg&_nc_ht=scontent.fsgn5-10.fna&cb_e2o_trans=q&oh=00_AfCdHrZoz6nn7qzyBy17MGkd1B9m_WI4w_PSO5E6Hr26Ig&oe=655CDFF9',_binary '\0','Son','son',8),(24,'https://scontent.fsgn5-10.fna.fbcdn.net/v/t39.30808-6/380799147_746272694179543_6996374305170939327_n.jpg?_nc_cat=107&ccb=1-7&_nc_sid=5f2048&_nc_ohc=d_lcahAdsx0AX_hLtsZ&_nc_oc=AQkcA9x-4SWDT50JsQqP1og2osLRPMpkd6m0q5ekCfpIIr-1TGRd6vmvT0UUNsddCNg&_nc_ht=scontent.fsgn5-10.fna&cb_e2o_trans=q&oh=00_AfCdHrZoz6nn7qzyBy17MGkd1B9m_WI4w_PSO5E6Hr26Ig&oe=655CDFF9',_binary '\0','Tóc','toc',8),(27,'https://scontent.fsgn5-10.fna.fbcdn.net/v/t39.30808-6/380799147_746272694179543_6996374305170939327_n.jpg?_nc_cat=107&ccb=1-7&_nc_sid=5f2048&_nc_ohc=d_lcahAdsx0AX_hLtsZ&_nc_oc=AQkcA9x-4SWDT50JsQqP1og2osLRPMpkd6m0q5ekCfpIIr-1TGRd6vmvT0UUNsddCNg&_nc_ht=scontent.fsgn5-10.fna&cb_e2o_trans=q&oh=00_AfCdHrZoz6nn7qzyBy17MGkd1B9m_WI4w_PSO5E6Hr26Ig&oe=655CDFF9',_binary '\0','Tẩy Tế Bào Chết','tay-te-bao-chet',9),(29,'https://scontent.fsgn5-10.fna.fbcdn.net/v/t39.30808-6/380799147_746272694179543_6996374305170939327_n.jpg?_nc_cat=107&ccb=1-7&_nc_sid=5f2048&_nc_ohc=d_lcahAdsx0AX_hLtsZ&_nc_oc=AQkcA9x-4SWDT50JsQqP1og2osLRPMpkd6m0q5ekCfpIIr-1TGRd6vmvT0UUNsddCNg&_nc_ht=scontent.fsgn5-10.fna&cb_e2o_trans=q&oh=00_AfCdHrZoz6nn7qzyBy17MGkd1B9m_WI4w_PSO5E6Hr26Ig&oe=655CDFF9',_binary '\0','Serum Da Mụn','serum-da-mun',24),(30,'https://scontent.fsgn5-10.fna.fbcdn.net/v/t39.30808-6/380799147_746272694179543_6996374305170939327_n.jpg?_nc_cat=107&ccb=1-7&_nc_sid=5f2048&_nc_ohc=d_lcahAdsx0AX_hLtsZ&_nc_oc=AQkcA9x-4SWDT50JsQqP1og2osLRPMpkd6m0q5ekCfpIIr-1TGRd6vmvT0UUNsddCNg&_nc_ht=scontent.fsgn5-10.fna&cb_e2o_trans=q&oh=00_AfCdHrZoz6nn7qzyBy17MGkd1B9m_WI4w_PSO5E6Hr26Ig&oe=655CDFF9',_binary '\0','Hỗ Trợ Da Mụn','ho-tro-da-mun',24),(31,'https://scontent.fsgn5-10.fna.fbcdn.net/v/t39.30808-6/380799147_746272694179543_6996374305170939327_n.jpg?_nc_cat=107&ccb=1-7&_nc_sid=5f2048&_nc_ohc=d_lcahAdsx0AX_hLtsZ&_nc_oc=AQkcA9x-4SWDT50JsQqP1og2osLRPMpkd6m0q5ekCfpIIr-1TGRd6vmvT0UUNsddCNg&_nc_ht=scontent.fsgn5-10.fna&cb_e2o_trans=q&oh=00_AfCdHrZoz6nn7qzyBy17MGkd1B9m_WI4w_PSO5E6Hr26Ig&oe=655CDFF9',_binary '\0','Xịt Khoáng','xit-khoang',10),(32,'https://scontent.fsgn5-10.fna.fbcdn.net/v/t39.30808-6/380799147_746272694179543_6996374305170939327_n.jpg?_nc_cat=107&ccb=1-7&_nc_sid=5f2048&_nc_ohc=d_lcahAdsx0AX_hLtsZ&_nc_oc=AQkcA9x-4SWDT50JsQqP1og2osLRPMpkd6m0q5ekCfpIIr-1TGRd6vmvT0UUNsddCNg&_nc_ht=scontent.fsgn5-10.fna&cb_e2o_trans=q&oh=00_AfCdHrZoz6nn7qzyBy17MGkd1B9m_WI4w_PSO5E6Hr26Ig&oe=655CDFF9',_binary '\0','Lotion/Sữa Dưỡng','lotionsua-duong',10),(33,'https://scontent.fsgn5-10.fna.fbcdn.net/v/t39.30808-6/380799147_746272694179543_6996374305170939327_n.jpg?_nc_cat=107&ccb=1-7&_nc_sid=5f2048&_nc_ohc=d_lcahAdsx0AX_hLtsZ&_nc_oc=AQkcA9x-4SWDT50JsQqP1og2osLRPMpkd6m0q5ekCfpIIr-1TGRd6vmvT0UUNsddCNg&_nc_ht=scontent.fsgn5-10.fna&cb_e2o_trans=q&oh=00_AfCdHrZoz6nn7qzyBy17MGkd1B9m_WI4w_PSO5E6Hr26Ig&oe=655CDFF9',_binary '\0','Kem/Gel/Dầu Dưỡng','kemgeldau-duong',10),(34,'https://scontent.fsgn5-10.fna.fbcdn.net/v/t39.30808-6/380799147_746272694179543_6996374305170939327_n.jpg?_nc_cat=107&ccb=1-7&_nc_sid=5f2048&_nc_ohc=d_lcahAdsx0AX_hLtsZ&_nc_oc=AQkcA9x-4SWDT50JsQqP1og2osLRPMpkd6m0q5ekCfpIIr-1TGRd6vmvT0UUNsddCNg&_nc_ht=scontent.fsgn5-10.fna&cb_e2o_trans=q&oh=00_AfCdHrZoz6nn7qzyBy17MGkd1B9m_WI4w_PSO5E6Hr26Ig&oe=655CDFF9',_binary '\0','Mặt Nạ Giấy','mat-na-giay',12),(35,'https://scontent.fsgn5-10.fna.fbcdn.net/v/t39.30808-6/380799147_746272694179543_6996374305170939327_n.jpg?_nc_cat=107&ccb=1-7&_nc_sid=5f2048&_nc_ohc=d_lcahAdsx0AX_hLtsZ&_nc_oc=AQkcA9x-4SWDT50JsQqP1og2osLRPMpkd6m0q5ekCfpIIr-1TGRd6vmvT0UUNsddCNg&_nc_ht=scontent.fsgn5-10.fna&cb_e2o_trans=q&oh=00_AfCdHrZoz6nn7qzyBy17MGkd1B9m_WI4w_PSO5E6Hr26Ig&oe=655CDFF9',_binary '\0','Mặt Nạ Rửa','mat-na-rua',12),(36,'https://scontent.fsgn5-10.fna.fbcdn.net/v/t39.30808-6/380799147_746272694179543_6996374305170939327_n.jpg?_nc_cat=107&ccb=1-7&_nc_sid=5f2048&_nc_ohc=d_lcahAdsx0AX_hLtsZ&_nc_oc=AQkcA9x-4SWDT50JsQqP1og2osLRPMpkd6m0q5ekCfpIIr-1TGRd6vmvT0UUNsddCNg&_nc_ht=scontent.fsgn5-10.fna&cb_e2o_trans=q&oh=00_AfCdHrZoz6nn7qzyBy17MGkd1B9m_WI4w_PSO5E6Hr26Ig&oe=655CDFF9',_binary '\0','Mặt Nạ Lột','mat-na-lot',12),(37,'https://scontent.fsgn5-10.fna.fbcdn.net/v/t39.30808-6/380799147_746272694179543_6996374305170939327_n.jpg?_nc_cat=107&ccb=1-7&_nc_sid=5f2048&_nc_ohc=d_lcahAdsx0AX_hLtsZ&_nc_oc=AQkcA9x-4SWDT50JsQqP1og2osLRPMpkd6m0q5ekCfpIIr-1TGRd6vmvT0UUNsddCNg&_nc_ht=scontent.fsgn5-10.fna&cb_e2o_trans=q&oh=00_AfCdHrZoz6nn7qzyBy17MGkd1B9m_WI4w_PSO5E6Hr26Ig&oe=655CDFF9',_binary '\0','Mặt Nạ Ngủ','mat-na-ngu',12),(38,'https://scontent.fsgn5-10.fna.fbcdn.net/v/t39.30808-6/380799147_746272694179543_6996374305170939327_n.jpg?_nc_cat=107&ccb=1-7&_nc_sid=5f2048&_nc_ohc=d_lcahAdsx0AX_hLtsZ&_nc_oc=AQkcA9x-4SWDT50JsQqP1og2osLRPMpkd6m0q5ekCfpIIr-1TGRd6vmvT0UUNsddCNg&_nc_ht=scontent.fsgn5-10.fna&cb_e2o_trans=q&oh=00_AfCdHrZoz6nn7qzyBy17MGkd1B9m_WI4w_PSO5E6Hr26Ig&oe=655CDFF9',_binary '\0','Kem Lót','kem-lot',13),(40,'https://scontent.fsgn5-10.fna.fbcdn.net/v/t39.30808-6/380799147_746272694179543_6996374305170939327_n.jpg?_nc_cat=107&ccb=1-7&_nc_sid=5f2048&_nc_ohc=d_lcahAdsx0AX_hLtsZ&_nc_oc=AQkcA9x-4SWDT50JsQqP1og2osLRPMpkd6m0q5ekCfpIIr-1TGRd6vmvT0UUNsddCNg&_nc_ht=scontent.fsgn5-10.fna&cb_e2o_trans=q&oh=00_AfCdHrZoz6nn7qzyBy17MGkd1B9m_WI4w_PSO5E6Hr26Ig&oe=655CDFF9',_binary '\0','Phấn Nước Cushion','phan-nuoc-cushion',13),(41,'https://scontent.fsgn5-10.fna.fbcdn.net/v/t39.30808-6/380799147_746272694179543_6996374305170939327_n.jpg?_nc_cat=107&ccb=1-7&_nc_sid=5f2048&_nc_ohc=d_lcahAdsx0AX_hLtsZ&_nc_oc=AQkcA9x-4SWDT50JsQqP1og2osLRPMpkd6m0q5ekCfpIIr-1TGRd6vmvT0UUNsddCNg&_nc_ht=scontent.fsgn5-10.fna&cb_e2o_trans=q&oh=00_AfCdHrZoz6nn7qzyBy17MGkd1B9m_WI4w_PSO5E6Hr26Ig&oe=655CDFF9',_binary '\0','Che Khuyết Điểm','che-khuyet-iem',13),(42,'https://scontent.fsgn5-10.fna.fbcdn.net/v/t39.30808-6/380799147_746272694179543_6996374305170939327_n.jpg?_nc_cat=107&ccb=1-7&_nc_sid=5f2048&_nc_ohc=d_lcahAdsx0AX_hLtsZ&_nc_oc=AQkcA9x-4SWDT50JsQqP1og2osLRPMpkd6m0q5ekCfpIIr-1TGRd6vmvT0UUNsddCNg&_nc_ht=scontent.fsgn5-10.fna&cb_e2o_trans=q&oh=00_AfCdHrZoz6nn7qzyBy17MGkd1B9m_WI4w_PSO5E6Hr26Ig&oe=655CDFF9',_binary '\0','Má Hồng','ma-hong',13),(43,'https://scontent.fsgn5-10.fna.fbcdn.net/v/t39.30808-6/380799147_746272694179543_6996374305170939327_n.jpg?_nc_cat=107&ccb=1-7&_nc_sid=5f2048&_nc_ohc=d_lcahAdsx0AX_hLtsZ&_nc_oc=AQkcA9x-4SWDT50JsQqP1og2osLRPMpkd6m0q5ekCfpIIr-1TGRd6vmvT0UUNsddCNg&_nc_ht=scontent.fsgn5-10.fna&cb_e2o_trans=q&oh=00_AfCdHrZoz6nn7qzyBy17MGkd1B9m_WI4w_PSO5E6Hr26Ig&oe=655CDFF9',_binary '\0','Tạo Khối/Highligt','tao-khoihighligt',13),(44,'https://scontent.fsgn5-10.fna.fbcdn.net/v/t39.30808-6/380799147_746272694179543_6996374305170939327_n.jpg?_nc_cat=107&ccb=1-7&_nc_sid=5f2048&_nc_ohc=d_lcahAdsx0AX_hLtsZ&_nc_oc=AQkcA9x-4SWDT50JsQqP1og2osLRPMpkd6m0q5ekCfpIIr-1TGRd6vmvT0UUNsddCNg&_nc_ht=scontent.fsgn5-10.fna&cb_e2o_trans=q&oh=00_AfCdHrZoz6nn7qzyBy17MGkd1B9m_WI4w_PSO5E6Hr26Ig&oe=655CDFF9',_binary '\0','Phấn Phủ','phan-phu',13),(45,'https://scontent.fsgn5-10.fna.fbcdn.net/v/t39.30808-6/380799147_746272694179543_6996374305170939327_n.jpg?_nc_cat=107&ccb=1-7&_nc_sid=5f2048&_nc_ohc=d_lcahAdsx0AX_hLtsZ&_nc_oc=AQkcA9x-4SWDT50JsQqP1og2osLRPMpkd6m0q5ekCfpIIr-1TGRd6vmvT0UUNsddCNg&_nc_ht=scontent.fsgn5-10.fna&cb_e2o_trans=q&oh=00_AfCdHrZoz6nn7qzyBy17MGkd1B9m_WI4w_PSO5E6Hr26Ig&oe=655CDFF9',_binary '\0','Son Dưỡng Môi','son-duong-moi',15),(46,'https://scontent.fsgn5-10.fna.fbcdn.net/v/t39.30808-6/380799147_746272694179543_6996374305170939327_n.jpg?_nc_cat=107&ccb=1-7&_nc_sid=5f2048&_nc_ohc=d_lcahAdsx0AX_hLtsZ&_nc_oc=AQkcA9x-4SWDT50JsQqP1og2osLRPMpkd6m0q5ekCfpIIr-1TGRd6vmvT0UUNsddCNg&_nc_ht=scontent.fsgn5-10.fna&cb_e2o_trans=q&oh=00_AfCdHrZoz6nn7qzyBy17MGkd1B9m_WI4w_PSO5E6Hr26Ig&oe=655CDFF9',_binary '\0','Son Kem/Tint','son-kemtint',15),(47,'https://scontent.fsgn5-10.fna.fbcdn.net/v/t39.30808-6/380799147_746272694179543_6996374305170939327_n.jpg?_nc_cat=107&ccb=1-7&_nc_sid=5f2048&_nc_ohc=d_lcahAdsx0AX_hLtsZ&_nc_oc=AQkcA9x-4SWDT50JsQqP1og2osLRPMpkd6m0q5ekCfpIIr-1TGRd6vmvT0UUNsddCNg&_nc_ht=scontent.fsgn5-10.fna&cb_e2o_trans=q&oh=00_AfCdHrZoz6nn7qzyBy17MGkd1B9m_WI4w_PSO5E6Hr26Ig&oe=655CDFF9',_binary '\0','Son Thỏi','son-thoi',15),(48,'https://scontent.fsgn5-10.fna.fbcdn.net/v/t39.30808-6/380799147_746272694179543_6996374305170939327_n.jpg?_nc_cat=107&ccb=1-7&_nc_sid=5f2048&_nc_ohc=d_lcahAdsx0AX_hLtsZ&_nc_oc=AQkcA9x-4SWDT50JsQqP1og2osLRPMpkd6m0q5ekCfpIIr-1TGRd6vmvT0UUNsddCNg&_nc_ht=scontent.fsgn5-10.fna&cb_e2o_trans=q&oh=00_AfCdHrZoz6nn7qzyBy17MGkd1B9m_WI4w_PSO5E6Hr26Ig&oe=655CDFF9',_binary '\0','Son Bóng','son-bong',15),(49,'https://scontent.fsgn5-10.fna.fbcdn.net/v/t39.30808-6/380799147_746272694179543_6996374305170939327_n.jpg?_nc_cat=107&ccb=1-7&_nc_sid=5f2048&_nc_ohc=d_lcahAdsx0AX_hLtsZ&_nc_oc=AQkcA9x-4SWDT50JsQqP1og2osLRPMpkd6m0q5ekCfpIIr-1TGRd6vmvT0UUNsddCNg&_nc_ht=scontent.fsgn5-10.fna&cb_e2o_trans=q&oh=00_AfCdHrZoz6nn7qzyBy17MGkd1B9m_WI4w_PSO5E6Hr26Ig&oe=655CDFF9',_binary '\0','Tẩy Trang Mắt Môi','tay-trang-mat-moi',15),(50,'https://scontent.fsgn5-10.fna.fbcdn.net/v/t39.30808-6/380799147_746272694179543_6996374305170939327_n.jpg?_nc_cat=107&ccb=1-7&_nc_sid=5f2048&_nc_ohc=d_lcahAdsx0AX_hLtsZ&_nc_oc=AQkcA9x-4SWDT50JsQqP1og2osLRPMpkd6m0q5ekCfpIIr-1TGRd6vmvT0UUNsddCNg&_nc_ht=scontent.fsgn5-10.fna&cb_e2o_trans=q&oh=00_AfCdHrZoz6nn7qzyBy17MGkd1B9m_WI4w_PSO5E6Hr26Ig&oe=655CDFF9',_binary '\0','Kẻ Mắt','ke-mat',15),(51,'https://scontent.fsgn5-10.fna.fbcdn.net/v/t39.30808-6/380799147_746272694179543_6996374305170939327_n.jpg?_nc_cat=107&ccb=1-7&_nc_sid=5f2048&_nc_ohc=d_lcahAdsx0AX_hLtsZ&_nc_oc=AQkcA9x-4SWDT50JsQqP1og2osLRPMpkd6m0q5ekCfpIIr-1TGRd6vmvT0UUNsddCNg&_nc_ht=scontent.fsgn5-10.fna&cb_e2o_trans=q&oh=00_AfCdHrZoz6nn7qzyBy17MGkd1B9m_WI4w_PSO5E6Hr26Ig&oe=655CDFF9',_binary '\0','Kẻ Mày','ke-may',15),(52,'https://scontent.fsgn5-10.fna.fbcdn.net/v/t39.30808-6/380799147_746272694179543_6996374305170939327_n.jpg?_nc_cat=107&ccb=1-7&_nc_sid=5f2048&_nc_ohc=d_lcahAdsx0AX_hLtsZ&_nc_oc=AQkcA9x-4SWDT50JsQqP1og2osLRPMpkd6m0q5ekCfpIIr-1TGRd6vmvT0UUNsddCNg&_nc_ht=scontent.fsgn5-10.fna&cb_e2o_trans=q&oh=00_AfCdHrZoz6nn7qzyBy17MGkd1B9m_WI4w_PSO5E6Hr26Ig&oe=655CDFF9',_binary '\0','Phấn Mắt','phan-mat',15),(53,'https://scontent.fsgn5-10.fna.fbcdn.net/v/t39.30808-6/380799147_746272694179543_6996374305170939327_n.jpg?_nc_cat=107&ccb=1-7&_nc_sid=5f2048&_nc_ohc=d_lcahAdsx0AX_hLtsZ&_nc_oc=AQkcA9x-4SWDT50JsQqP1og2osLRPMpkd6m0q5ekCfpIIr-1TGRd6vmvT0UUNsddCNg&_nc_ht=scontent.fsgn5-10.fna&cb_e2o_trans=q&oh=00_AfCdHrZoz6nn7qzyBy17MGkd1B9m_WI4w_PSO5E6Hr26Ig&oe=655CDFF9',_binary '\0','Mascara','mascara',15),(54,'https://scontent.fsgn5-10.fna.fbcdn.net/v/t39.30808-6/380799147_746272694179543_6996374305170939327_n.jpg?_nc_cat=107&ccb=1-7&_nc_sid=5f2048&_nc_ohc=d_lcahAdsx0AX_hLtsZ&_nc_oc=AQkcA9x-4SWDT50JsQqP1og2osLRPMpkd6m0q5ekCfpIIr-1TGRd6vmvT0UUNsddCNg&_nc_ht=scontent.fsgn5-10.fna&cb_e2o_trans=q&oh=00_AfCdHrZoz6nn7qzyBy17MGkd1B9m_WI4w_PSO5E6Hr26Ig&oe=655CDFF9',_binary '\0','Bông/Mút Trang Điểm','bongmut-trang-iem',16),(55,'https://scontent.fsgn5-10.fna.fbcdn.net/v/t39.30808-6/380799147_746272694179543_6996374305170939327_n.jpg?_nc_cat=107&ccb=1-7&_nc_sid=5f2048&_nc_ohc=d_lcahAdsx0AX_hLtsZ&_nc_oc=AQkcA9x-4SWDT50JsQqP1og2osLRPMpkd6m0q5ekCfpIIr-1TGRd6vmvT0UUNsddCNg&_nc_ht=scontent.fsgn5-10.fna&cb_e2o_trans=q&oh=00_AfCdHrZoz6nn7qzyBy17MGkd1B9m_WI4w_PSO5E6Hr26Ig&oe=655CDFF9',_binary '\0','Cọ Trang Điểm','co-trang-iem',16),(56,'https://scontent.fsgn5-10.fna.fbcdn.net/v/t39.30808-6/380799147_746272694179543_6996374305170939327_n.jpg?_nc_cat=107&ccb=1-7&_nc_sid=5f2048&_nc_ohc=d_lcahAdsx0AX_hLtsZ&_nc_oc=AQkcA9x-4SWDT50JsQqP1og2osLRPMpkd6m0q5ekCfpIIr-1TGRd6vmvT0UUNsddCNg&_nc_ht=scontent.fsgn5-10.fna&cb_e2o_trans=q&oh=00_AfCdHrZoz6nn7qzyBy17MGkd1B9m_WI4w_PSO5E6Hr26Ig&oe=655CDFF9',_binary '\0','Bông Tẩy Trang','bong-tay-trang',16),(57,'https://scontent.fsgn5-10.fna.fbcdn.net/v/t39.30808-6/380799147_746272694179543_6996374305170939327_n.jpg?_nc_cat=107&ccb=1-7&_nc_sid=5f2048&_nc_ohc=d_lcahAdsx0AX_hLtsZ&_nc_oc=AQkcA9x-4SWDT50JsQqP1og2osLRPMpkd6m0q5ekCfpIIr-1TGRd6vmvT0UUNsddCNg&_nc_ht=scontent.fsgn5-10.fna&cb_e2o_trans=q&oh=00_AfCdHrZoz6nn7qzyBy17MGkd1B9m_WI4w_PSO5E6Hr26Ig&oe=655CDFF9',_binary '\0','Sữa Tắm','sua-tam',18),(58,'https://scontent.fsgn5-10.fna.fbcdn.net/v/t39.30808-6/380799147_746272694179543_6996374305170939327_n.jpg?_nc_cat=107&ccb=1-7&_nc_sid=5f2048&_nc_ohc=d_lcahAdsx0AX_hLtsZ&_nc_oc=AQkcA9x-4SWDT50JsQqP1og2osLRPMpkd6m0q5ekCfpIIr-1TGRd6vmvT0UUNsddCNg&_nc_ht=scontent.fsgn5-10.fna&cb_e2o_trans=q&oh=00_AfCdHrZoz6nn7qzyBy17MGkd1B9m_WI4w_PSO5E6Hr26Ig&oe=655CDFF9',_binary '\0','Xà Phòng','xa-phong',18),(60,'https://scontent.fsgn5-10.fna.fbcdn.net/v/t39.30808-6/380799147_746272694179543_6996374305170939327_n.jpg?_nc_cat=107&ccb=1-7&_nc_sid=5f2048&_nc_ohc=d_lcahAdsx0AX_hLtsZ&_nc_oc=AQkcA9x-4SWDT50JsQqP1og2osLRPMpkd6m0q5ekCfpIIr-1TGRd6vmvT0UUNsddCNg&_nc_ht=scontent.fsgn5-10.fna&cb_e2o_trans=q&oh=00_AfCdHrZoz6nn7qzyBy17MGkd1B9m_WI4w_PSO5E6Hr26Ig&oe=655CDFF9',_binary '\0','Dưỡng Thể','duong-the',18),(61,'https://scontent.fsgn5-10.fna.fbcdn.net/v/t39.30808-6/380799147_746272694179543_6996374305170939327_n.jpg?_nc_cat=107&ccb=1-7&_nc_sid=5f2048&_nc_ohc=d_lcahAdsx0AX_hLtsZ&_nc_oc=AQkcA9x-4SWDT50JsQqP1og2osLRPMpkd6m0q5ekCfpIIr-1TGRd6vmvT0UUNsddCNg&_nc_ht=scontent.fsgn5-10.fna&cb_e2o_trans=q&oh=00_AfCdHrZoz6nn7qzyBy17MGkd1B9m_WI4w_PSO5E6Hr26Ig&oe=655CDFF9',_binary '\0','Chống Nắng','chong-nang',18),(62,'https://scontent.fsgn5-10.fna.fbcdn.net/v/t39.30808-6/380799147_746272694179543_6996374305170939327_n.jpg?_nc_cat=107&ccb=1-7&_nc_sid=5f2048&_nc_ohc=d_lcahAdsx0AX_hLtsZ&_nc_oc=AQkcA9x-4SWDT50JsQqP1og2osLRPMpkd6m0q5ekCfpIIr-1TGRd6vmvT0UUNsddCNg&_nc_ht=scontent.fsgn5-10.fna&cb_e2o_trans=q&oh=00_AfCdHrZoz6nn7qzyBy17MGkd1B9m_WI4w_PSO5E6Hr26Ig&oe=655CDFF9',_binary '\0','Tẩy Lông','tay-long',18),(63,'https://scontent.fsgn5-10.fna.fbcdn.net/v/t39.30808-6/380799147_746272694179543_6996374305170939327_n.jpg?_nc_cat=107&ccb=1-7&_nc_sid=5f2048&_nc_ohc=d_lcahAdsx0AX_hLtsZ&_nc_oc=AQkcA9x-4SWDT50JsQqP1og2osLRPMpkd6m0q5ekCfpIIr-1TGRd6vmvT0UUNsddCNg&_nc_ht=scontent.fsgn5-10.fna&cb_e2o_trans=q&oh=00_AfCdHrZoz6nn7qzyBy17MGkd1B9m_WI4w_PSO5E6Hr26Ig&oe=655CDFF9',_binary '\0','Dụng Cụ Tẩy Lông','dung-cu-tay-long',18),(64,'https://scontent.fsgn5-10.fna.fbcdn.net/v/t39.30808-6/380799147_746272694179543_6996374305170939327_n.jpg?_nc_cat=107&ccb=1-7&_nc_sid=5f2048&_nc_ohc=d_lcahAdsx0AX_hLtsZ&_nc_oc=AQkcA9x-4SWDT50JsQqP1og2osLRPMpkd6m0q5ekCfpIIr-1TGRd6vmvT0UUNsddCNg&_nc_ht=scontent.fsgn5-10.fna&cb_e2o_trans=q&oh=00_AfCdHrZoz6nn7qzyBy17MGkd1B9m_WI4w_PSO5E6Hr26Ig&oe=655CDFF9',_binary '\0','Dưỡng Da Tay/Chân','duong-da-taychan',18),(65,'https://scontent.fsgn5-10.fna.fbcdn.net/v/t39.30808-6/380799147_746272694179543_6996374305170939327_n.jpg?_nc_cat=107&ccb=1-7&_nc_sid=5f2048&_nc_ohc=d_lcahAdsx0AX_hLtsZ&_nc_oc=AQkcA9x-4SWDT50JsQqP1og2osLRPMpkd6m0q5ekCfpIIr-1TGRd6vmvT0UUNsddCNg&_nc_ht=scontent.fsgn5-10.fna&cb_e2o_trans=q&oh=00_AfCdHrZoz6nn7qzyBy17MGkd1B9m_WI4w_PSO5E6Hr26Ig&oe=655CDFF9',_binary '\0','Băng Vệ Sinh/Tampon','bang-ve-sinhtampon',24),(66,'https://scontent.fsgn5-10.fna.fbcdn.net/v/t39.30808-6/380799147_746272694179543_6996374305170939327_n.jpg?_nc_cat=107&ccb=1-7&_nc_sid=5f2048&_nc_ohc=d_lcahAdsx0AX_hLtsZ&_nc_oc=AQkcA9x-4SWDT50JsQqP1og2osLRPMpkd6m0q5ekCfpIIr-1TGRd6vmvT0UUNsddCNg&_nc_ht=scontent.fsgn5-10.fna&cb_e2o_trans=q&oh=00_AfCdHrZoz6nn7qzyBy17MGkd1B9m_WI4w_PSO5E6Hr26Ig&oe=655CDFF9',_binary '\0','Dung Dịch Vệ Sinh','dung-dich-ve-sinh',24),(67,'https://scontent.fsgn5-10.fna.fbcdn.net/v/t39.30808-6/380799147_746272694179543_6996374305170939327_n.jpg?_nc_cat=107&ccb=1-7&_nc_sid=5f2048&_nc_ohc=d_lcahAdsx0AX_hLtsZ&_nc_oc=AQkcA9x-4SWDT50JsQqP1og2osLRPMpkd6m0q5ekCfpIIr-1TGRd6vmvT0UUNsddCNg&_nc_ht=scontent.fsgn5-10.fna&cb_e2o_trans=q&oh=00_AfCdHrZoz6nn7qzyBy17MGkd1B9m_WI4w_PSO5E6Hr26Ig&oe=655CDFF9',_binary '\0','Bàn Chải Đánh Răng','ban-chai-anh-rang',19),(68,'https://scontent.fsgn5-10.fna.fbcdn.net/v/t39.30808-6/380799147_746272694179543_6996374305170939327_n.jpg?_nc_cat=107&ccb=1-7&_nc_sid=5f2048&_nc_ohc=d_lcahAdsx0AX_hLtsZ&_nc_oc=AQkcA9x-4SWDT50JsQqP1og2osLRPMpkd6m0q5ekCfpIIr-1TGRd6vmvT0UUNsddCNg&_nc_ht=scontent.fsgn5-10.fna&cb_e2o_trans=q&oh=00_AfCdHrZoz6nn7qzyBy17MGkd1B9m_WI4w_PSO5E6Hr26Ig&oe=655CDFF9',_binary '\0','Bàn Chải Điện','ban-chai-ien',19),(69,'https://scontent.fsgn5-10.fna.fbcdn.net/v/t39.30808-6/380799147_746272694179543_6996374305170939327_n.jpg?_nc_cat=107&ccb=1-7&_nc_sid=5f2048&_nc_ohc=d_lcahAdsx0AX_hLtsZ&_nc_oc=AQkcA9x-4SWDT50JsQqP1og2osLRPMpkd6m0q5ekCfpIIr-1TGRd6vmvT0UUNsddCNg&_nc_ht=scontent.fsgn5-10.fna&cb_e2o_trans=q&oh=00_AfCdHrZoz6nn7qzyBy17MGkd1B9m_WI4w_PSO5E6Hr26Ig&oe=655CDFF9',_binary '\0','Kem Đánh Răng','kem-anh-rang',19),(70,'https://scontent.fsgn5-10.fna.fbcdn.net/v/t39.30808-6/380799147_746272694179543_6996374305170939327_n.jpg?_nc_cat=107&ccb=1-7&_nc_sid=5f2048&_nc_ohc=d_lcahAdsx0AX_hLtsZ&_nc_oc=AQkcA9x-4SWDT50JsQqP1og2osLRPMpkd6m0q5ekCfpIIr-1TGRd6vmvT0UUNsddCNg&_nc_ht=scontent.fsgn5-10.fna&cb_e2o_trans=q&oh=00_AfCdHrZoz6nn7qzyBy17MGkd1B9m_WI4w_PSO5E6Hr26Ig&oe=655CDFF9',_binary '\0','Nước Súc Miệng','nuoc-suc-mieng',19),(71,'https://scontent.fsgn5-10.fna.fbcdn.net/v/t39.30808-6/380799147_746272694179543_6996374305170939327_n.jpg?_nc_cat=107&ccb=1-7&_nc_sid=5f2048&_nc_ohc=d_lcahAdsx0AX_hLtsZ&_nc_oc=AQkcA9x-4SWDT50JsQqP1og2osLRPMpkd6m0q5ekCfpIIr-1TGRd6vmvT0UUNsddCNg&_nc_ht=scontent.fsgn5-10.fna&cb_e2o_trans=q&oh=00_AfCdHrZoz6nn7qzyBy17MGkd1B9m_WI4w_PSO5E6Hr26Ig&oe=655CDFF9',_binary '\0','Tắm Nước/Chỉ Nha Khoa','tam-nuocchi-nha-khoa',19),(72,'https://scontent.fsgn5-10.fna.fbcdn.net/v/t39.30808-6/380799147_746272694179543_6996374305170939327_n.jpg?_nc_cat=107&ccb=1-7&_nc_sid=5f2048&_nc_ohc=d_lcahAdsx0AX_hLtsZ&_nc_oc=AQkcA9x-4SWDT50JsQqP1og2osLRPMpkd6m0q5ekCfpIIr-1TGRd6vmvT0UUNsddCNg&_nc_ht=scontent.fsgn5-10.fna&cb_e2o_trans=q&oh=00_AfCdHrZoz6nn7qzyBy17MGkd1B9m_WI4w_PSO5E6Hr26Ig&oe=655CDFF9',_binary '\0','Xịt Thơm Miệng','xit-thom-mieng',19),(73,'https://scontent.fsgn5-10.fna.fbcdn.net/v/t39.30808-6/380799147_746272694179543_6996374305170939327_n.jpg?_nc_cat=107&ccb=1-7&_nc_sid=5f2048&_nc_ohc=d_lcahAdsx0AX_hLtsZ&_nc_oc=AQkcA9x-4SWDT50JsQqP1og2osLRPMpkd6m0q5ekCfpIIr-1TGRd6vmvT0UUNsddCNg&_nc_ht=scontent.fsgn5-10.fna&cb_e2o_trans=q&oh=00_AfCdHrZoz6nn7qzyBy17MGkd1B9m_WI4w_PSO5E6Hr26Ig&oe=655CDFF9',_binary '\0','Bao Cao Su','bao-cao-su',20),(74,'https://scontent.fsgn5-10.fna.fbcdn.net/v/t39.30808-6/380799147_746272694179543_6996374305170939327_n.jpg?_nc_cat=107&ccb=1-7&_nc_sid=5f2048&_nc_ohc=d_lcahAdsx0AX_hLtsZ&_nc_oc=AQkcA9x-4SWDT50JsQqP1og2osLRPMpkd6m0q5ekCfpIIr-1TGRd6vmvT0UUNsddCNg&_nc_ht=scontent.fsgn5-10.fna&cb_e2o_trans=q&oh=00_AfCdHrZoz6nn7qzyBy17MGkd1B9m_WI4w_PSO5E6Hr26Ig&oe=655CDFF9',_binary '\0','Gel Bôi Trơn','gel-boi-tron',20),(75,'https://scontent.fsgn5-10.fna.fbcdn.net/v/t39.30808-6/380799147_746272694179543_6996374305170939327_n.jpg?_nc_cat=107&ccb=1-7&_nc_sid=5f2048&_nc_ohc=d_lcahAdsx0AX_hLtsZ&_nc_oc=AQkcA9x-4SWDT50JsQqP1og2osLRPMpkd6m0q5ekCfpIIr-1TGRd6vmvT0UUNsddCNg&_nc_ht=scontent.fsgn5-10.fna&cb_e2o_trans=q&oh=00_AfCdHrZoz6nn7qzyBy17MGkd1B9m_WI4w_PSO5E6Hr26Ig&oe=655CDFF9',_binary '\0','Khử Mùi Nữ','khu-mui-nu',21),(76,'https://scontent.fsgn5-10.fna.fbcdn.net/v/t39.30808-6/380799147_746272694179543_6996374305170939327_n.jpg?_nc_cat=107&ccb=1-7&_nc_sid=5f2048&_nc_ohc=d_lcahAdsx0AX_hLtsZ&_nc_oc=AQkcA9x-4SWDT50JsQqP1og2osLRPMpkd6m0q5ekCfpIIr-1TGRd6vmvT0UUNsddCNg&_nc_ht=scontent.fsgn5-10.fna&cb_e2o_trans=q&oh=00_AfCdHrZoz6nn7qzyBy17MGkd1B9m_WI4w_PSO5E6Hr26Ig&oe=655CDFF9',_binary '\0','Khử Mùi Nam','khu-mui-nam',21),(77,'https://scontent.fsgn5-10.fna.fbcdn.net/v/t39.30808-6/380799147_746272694179543_6996374305170939327_n.jpg?_nc_cat=107&ccb=1-7&_nc_sid=5f2048&_nc_ohc=d_lcahAdsx0AX_hLtsZ&_nc_oc=AQkcA9x-4SWDT50JsQqP1og2osLRPMpkd6m0q5ekCfpIIr-1TGRd6vmvT0UUNsddCNg&_nc_ht=scontent.fsgn5-10.fna&cb_e2o_trans=q&oh=00_AfCdHrZoz6nn7qzyBy17MGkd1B9m_WI4w_PSO5E6Hr26Ig&oe=655CDFF9',_binary '\0','Nước Hoa Nữ','nuoc-hoa-nu',22),(78,'https://scontent.fsgn5-10.fna.fbcdn.net/v/t39.30808-6/380799147_746272694179543_6996374305170939327_n.jpg?_nc_cat=107&ccb=1-7&_nc_sid=5f2048&_nc_ohc=d_lcahAdsx0AX_hLtsZ&_nc_oc=AQkcA9x-4SWDT50JsQqP1og2osLRPMpkd6m0q5ekCfpIIr-1TGRd6vmvT0UUNsddCNg&_nc_ht=scontent.fsgn5-10.fna&cb_e2o_trans=q&oh=00_AfCdHrZoz6nn7qzyBy17MGkd1B9m_WI4w_PSO5E6Hr26Ig&oe=655CDFF9',_binary '\0','Nước Hoa Nam','nuoc-hoa-nam',22),(79,'https://scontent.fsgn5-10.fna.fbcdn.net/v/t39.30808-6/380799147_746272694179543_6996374305170939327_n.jpg?_nc_cat=107&ccb=1-7&_nc_sid=5f2048&_nc_ohc=d_lcahAdsx0AX_hLtsZ&_nc_oc=AQkcA9x-4SWDT50JsQqP1og2osLRPMpkd6m0q5ekCfpIIr-1TGRd6vmvT0UUNsddCNg&_nc_ht=scontent.fsgn5-10.fna&cb_e2o_trans=q&oh=00_AfCdHrZoz6nn7qzyBy17MGkd1B9m_WI4w_PSO5E6Hr26Ig&oe=655CDFF9',_binary '\0','Xịt Thơm Toàn Thân','xit-thom-toan-than',22),(80,'https://scontent.fsgn5-10.fna.fbcdn.net/v/t39.30808-6/380799147_746272694179543_6996374305170939327_n.jpg?_nc_cat=107&ccb=1-7&_nc_sid=5f2048&_nc_ohc=d_lcahAdsx0AX_hLtsZ&_nc_oc=AQkcA9x-4SWDT50JsQqP1og2osLRPMpkd6m0q5ekCfpIIr-1TGRd6vmvT0UUNsddCNg&_nc_ht=scontent.fsgn5-10.fna&cb_e2o_trans=q&oh=00_AfCdHrZoz6nn7qzyBy17MGkd1B9m_WI4w_PSO5E6Hr26Ig&oe=655CDFF9',_binary '\0','Nước Hoa Vùng Kín','nuoc-hoa-vung-kin',22),(81,'https://scontent.fsgn5-10.fna.fbcdn.net/v/t39.30808-6/380799147_746272694179543_6996374305170939327_n.jpg?_nc_cat=107&ccb=1-7&_nc_sid=5f2048&_nc_ohc=d_lcahAdsx0AX_hLtsZ&_nc_oc=AQkcA9x-4SWDT50JsQqP1og2osLRPMpkd6m0q5ekCfpIIr-1TGRd6vmvT0UUNsddCNg&_nc_ht=scontent.fsgn5-10.fna&cb_e2o_trans=q&oh=00_AfCdHrZoz6nn7qzyBy17MGkd1B9m_WI4w_PSO5E6Hr26Ig&oe=655CDFF9',_binary '\0','TPCN Làm Đẹp Da','tpcn-lam-ep-da',23),(82,'https://scontent.fsgn5-10.fna.fbcdn.net/v/t39.30808-6/380799147_746272694179543_6996374305170939327_n.jpg?_nc_cat=107&ccb=1-7&_nc_sid=5f2048&_nc_ohc=d_lcahAdsx0AX_hLtsZ&_nc_oc=AQkcA9x-4SWDT50JsQqP1og2osLRPMpkd6m0q5ekCfpIIr-1TGRd6vmvT0UUNsddCNg&_nc_ht=scontent.fsgn5-10.fna&cb_e2o_trans=q&oh=00_AfCdHrZoz6nn7qzyBy17MGkd1B9m_WI4w_PSO5E6Hr26Ig&oe=655CDFF9',_binary '\0','Làm Đẹp Tóc','lam-ep-toc',23),(83,'https://scontent.fsgn5-10.fna.fbcdn.net/v/t39.30808-6/380799147_746272694179543_6996374305170939327_n.jpg?_nc_cat=107&ccb=1-7&_nc_sid=5f2048&_nc_ohc=d_lcahAdsx0AX_hLtsZ&_nc_oc=AQkcA9x-4SWDT50JsQqP1og2osLRPMpkd6m0q5ekCfpIIr-1TGRd6vmvT0UUNsddCNg&_nc_ht=scontent.fsgn5-10.fna&cb_e2o_trans=q&oh=00_AfCdHrZoz6nn7qzyBy17MGkd1B9m_WI4w_PSO5E6Hr26Ig&oe=655CDFF9',_binary '\0','Hỗ Trợ Giảm Cân','ho-tro-giam-can',23),(84,'https://scontent.fsgn5-10.fna.fbcdn.net/v/t39.30808-6/380799147_746272694179543_6996374305170939327_n.jpg?_nc_cat=107&ccb=1-7&_nc_sid=5f2048&_nc_ohc=d_lcahAdsx0AX_hLtsZ&_nc_oc=AQkcA9x-4SWDT50JsQqP1og2osLRPMpkd6m0q5ekCfpIIr-1TGRd6vmvT0UUNsddCNg&_nc_ht=scontent.fsgn5-10.fna&cb_e2o_trans=q&oh=00_AfCdHrZoz6nn7qzyBy17MGkd1B9m_WI4w_PSO5E6Hr26Ig&oe=655CDFF9',_binary '\0','Bổ Gan/Giải Rượu','bo-gangiai-ruou',23),(85,'https://scontent.fsgn5-10.fna.fbcdn.net/v/t39.30808-6/380799147_746272694179543_6996374305170939327_n.jpg?_nc_cat=107&ccb=1-7&_nc_sid=5f2048&_nc_ohc=d_lcahAdsx0AX_hLtsZ&_nc_oc=AQkcA9x-4SWDT50JsQqP1og2osLRPMpkd6m0q5ekCfpIIr-1TGRd6vmvT0UUNsddCNg&_nc_ht=scontent.fsgn5-10.fna&cb_e2o_trans=q&oh=00_AfCdHrZoz6nn7qzyBy17MGkd1B9m_WI4w_PSO5E6Hr26Ig&oe=655CDFF9',_binary '\0','Dầu Cá/Bổ Mắt','dau-cabo-mat',23),(86,'https://scontent.fsgn5-10.fna.fbcdn.net/v/t39.30808-6/380799147_746272694179543_6996374305170939327_n.jpg?_nc_cat=107&ccb=1-7&_nc_sid=5f2048&_nc_ohc=d_lcahAdsx0AX_hLtsZ&_nc_oc=AQkcA9x-4SWDT50JsQqP1og2osLRPMpkd6m0q5ekCfpIIr-1TGRd6vmvT0UUNsddCNg&_nc_ht=scontent.fsgn5-10.fna&cb_e2o_trans=q&oh=00_AfCdHrZoz6nn7qzyBy17MGkd1B9m_WI4w_PSO5E6Hr26Ig&oe=655CDFF9',_binary '\0','Hoạt Huyết Dưỡng Não','hoat-huyet-duong-nao',23),(87,'https://scontent.fsgn5-10.fna.fbcdn.net/v/t39.30808-6/380799147_746272694179543_6996374305170939327_n.jpg?_nc_cat=107&ccb=1-7&_nc_sid=5f2048&_nc_ohc=d_lcahAdsx0AX_hLtsZ&_nc_oc=AQkcA9x-4SWDT50JsQqP1og2osLRPMpkd6m0q5ekCfpIIr-1TGRd6vmvT0UUNsddCNg&_nc_ht=scontent.fsgn5-10.fna&cb_e2o_trans=q&oh=00_AfCdHrZoz6nn7qzyBy17MGkd1B9m_WI4w_PSO5E6Hr26Ig&oe=655CDFF9',_binary '\0','Sinh Lý/Nội Tiết Tố','sinh-lynoi-tiet-to',23),(88,'https://scontent.fsgn5-10.fna.fbcdn.net/v/t39.30808-6/380799147_746272694179543_6996374305170939327_n.jpg?_nc_cat=107&ccb=1-7&_nc_sid=5f2048&_nc_ohc=d_lcahAdsx0AX_hLtsZ&_nc_oc=AQkcA9x-4SWDT50JsQqP1og2osLRPMpkd6m0q5ekCfpIIr-1TGRd6vmvT0UUNsddCNg&_nc_ht=scontent.fsgn5-10.fna&cb_e2o_trans=q&oh=00_AfCdHrZoz6nn7qzyBy17MGkd1B9m_WI4w_PSO5E6Hr26Ig&oe=655CDFF9',_binary '\0','Tim Mạch','tim-mach',23),(89,'https://scontent.fsgn5-10.fna.fbcdn.net/v/t39.30808-6/380799147_746272694179543_6996374305170939327_n.jpg?_nc_cat=107&ccb=1-7&_nc_sid=5f2048&_nc_ohc=d_lcahAdsx0AX_hLtsZ&_nc_oc=AQkcA9x-4SWDT50JsQqP1og2osLRPMpkd6m0q5ekCfpIIr-1TGRd6vmvT0UUNsddCNg&_nc_ht=scontent.fsgn5-10.fna&cb_e2o_trans=q&oh=00_AfCdHrZoz6nn7qzyBy17MGkd1B9m_WI4w_PSO5E6Hr26Ig&oe=655CDFF9',_binary '\0','Xương Khớp','xuong-khop',23),(90,'https://scontent.fsgn5-10.fna.fbcdn.net/v/t39.30808-6/380799147_746272694179543_6996374305170939327_n.jpg?_nc_cat=107&ccb=1-7&_nc_sid=5f2048&_nc_ohc=d_lcahAdsx0AX_hLtsZ&_nc_oc=AQkcA9x-4SWDT50JsQqP1og2osLRPMpkd6m0q5ekCfpIIr-1TGRd6vmvT0UUNsddCNg&_nc_ht=scontent.fsgn5-10.fna&cb_e2o_trans=q&oh=00_AfCdHrZoz6nn7qzyBy17MGkd1B9m_WI4w_PSO5E6Hr26Ig&oe=655CDFF9',_binary '\0','Tăng Sức Đề Kháng','tang-suc-e-khang',23),(91,'https://scontent.fsgn5-10.fna.fbcdn.net/v/t39.30808-6/380799147_746272694179543_6996374305170939327_n.jpg?_nc_cat=107&ccb=1-7&_nc_sid=5f2048&_nc_ohc=d_lcahAdsx0AX_hLtsZ&_nc_oc=AQkcA9x-4SWDT50JsQqP1og2osLRPMpkd6m0q5ekCfpIIr-1TGRd6vmvT0UUNsddCNg&_nc_ht=scontent.fsgn5-10.fna&cb_e2o_trans=q&oh=00_AfCdHrZoz6nn7qzyBy17MGkd1B9m_WI4w_PSO5E6Hr26Ig&oe=655CDFF9',_binary '\0','Vitamin/Khoáng Chất','vitaminkhoang-chat',23),(93,'https://scontent.fsgn5-10.fna.fbcdn.net/v/t39.30808-6/380799147_746272694179543_6996374305170939327_n.jpg?_nc_cat=107&ccb=1-7&_nc_sid=5f2048&_nc_ohc=d_lcahAdsx0AX_hLtsZ&_nc_oc=AQkcA9x-4SWDT50JsQqP1og2osLRPMpkd6m0q5ekCfpIIr-1TGRd6vmvT0UUNsddCNg&_nc_ht=scontent.fsgn5-10.fna&cb_e2o_trans=q&oh=00_AfCdHrZoz6nn7qzyBy17MGkd1B9m_WI4w_PSO5E6Hr26Ig&oe=655CDFF9',_binary '\0','Bộ Chiết Mỹ Phẩm','bo-chiet-my-pham',24),(94,'https://scontent.fsgn5-10.fna.fbcdn.net/v/t39.30808-6/380799147_746272694179543_6996374305170939327_n.jpg?_nc_cat=107&ccb=1-7&_nc_sid=5f2048&_nc_ohc=d_lcahAdsx0AX_hLtsZ&_nc_oc=AQkcA9x-4SWDT50JsQqP1og2osLRPMpkd6m0q5ekCfpIIr-1TGRd6vmvT0UUNsddCNg&_nc_ht=scontent.fsgn5-10.fna&cb_e2o_trans=q&oh=00_AfCdHrZoz6nn7qzyBy17MGkd1B9m_WI4w_PSO5E6Hr26Ig&oe=655CDFF9',_binary '\0','Dao Cạo','dao-cao',24),(95,'https://scontent.fsgn5-10.fna.fbcdn.net/v/t39.30808-6/380799147_746272694179543_6996374305170939327_n.jpg?_nc_cat=107&ccb=1-7&_nc_sid=5f2048&_nc_ohc=d_lcahAdsx0AX_hLtsZ&_nc_oc=AQkcA9x-4SWDT50JsQqP1og2osLRPMpkd6m0q5ekCfpIIr-1TGRd6vmvT0UUNsddCNg&_nc_ht=scontent.fsgn5-10.fna&cb_e2o_trans=q&oh=00_AfCdHrZoz6nn7qzyBy17MGkd1B9m_WI4w_PSO5E6Hr26Ig&oe=655CDFF9',_binary '\0','Khăn Giấy/Khăn Ướt','khan-giaykhan-uot',24),(96,'https://scontent.fsgn5-10.fna.fbcdn.net/v/t39.30808-6/380799147_746272694179543_6996374305170939327_n.jpg?_nc_cat=107&ccb=1-7&_nc_sid=5f2048&_nc_ohc=d_lcahAdsx0AX_hLtsZ&_nc_oc=AQkcA9x-4SWDT50JsQqP1og2osLRPMpkd6m0q5ekCfpIIr-1TGRd6vmvT0UUNsddCNg&_nc_ht=scontent.fsgn5-10.fna&cb_e2o_trans=q&oh=00_AfCdHrZoz6nn7qzyBy17MGkd1B9m_WI4w_PSO5E6Hr26Ig&oe=655CDFF9',_binary '\0','Khẩu Trang','khau-trang',24),(97,'https://scontent.fsgn5-10.fna.fbcdn.net/v/t39.30808-6/380799147_746272694179543_6996374305170939327_n.jpg?_nc_cat=107&ccb=1-7&_nc_sid=5f2048&_nc_ohc=d_lcahAdsx0AX_hLtsZ&_nc_oc=AQkcA9x-4SWDT50JsQqP1og2osLRPMpkd6m0q5ekCfpIIr-1TGRd6vmvT0UUNsddCNg&_nc_ht=scontent.fsgn5-10.fna&cb_e2o_trans=q&oh=00_AfCdHrZoz6nn7qzyBy17MGkd1B9m_WI4w_PSO5E6Hr26Ig&oe=655CDFF9',_binary '\0','Rửa Tay','rua-tay',24);
/*!40000 ALTER TABLE `my_categories` ENABLE KEYS */;
UNLOCK TABLES;

--
-- Table structure for table `news_app`
--

DROP TABLE IF EXISTS `news_app`;
/*!40101 SET @saved_cs_client     = @@character_set_client */;
/*!50503 SET character_set_client = utf8mb4 */;
CREATE TABLE `news_app` (
  `id` int NOT NULL AUTO_INCREMENT,
  `content` varchar(4096) DEFAULT NULL,
  `create_at` datetime(6) DEFAULT NULL,
  `image` varchar(255) DEFAULT NULL,
  `is_active` bit(1) DEFAULT NULL,
  `title` varchar(255) DEFAULT NULL,
  PRIMARY KEY (`id`)
) ENGINE=InnoDB AUTO_INCREMENT=5 DEFAULT CHARSET=utf8mb4 COLLATE=utf8mb4_0900_ai_ci;
/*!40101 SET character_set_client = @saved_cs_client */;

--
-- Dumping data for table `news_app`
--

LOCK TABLES `news_app` WRITE;
/*!40000 ALTER TABLE `news_app` DISABLE KEYS */;
INSERT INTO `news_app` VALUES (4,'hi','2023-11-18 18:20:07.002000','https://cdn.tgdd.vn/Products/Images/1942/309559/android-tivi-aqua-32-inch-le32aqt6600g-8-550x340.jpg',_binary '','tieu dee ');
/*!40000 ALTER TABLE `news_app` ENABLE KEYS */;
UNLOCK TABLES;

--
-- Table structure for table `order`
--

DROP TABLE IF EXISTS `order`;
/*!40101 SET @saved_cs_client     = @@character_set_client */;
/*!50503 SET character_set_client = utf8mb4 */;
CREATE TABLE `order` (
  `id` int NOT NULL AUTO_INCREMENT,
  `address` varchar(1024) DEFAULT NULL,
  `create_at` datetime(6) DEFAULT NULL,
  `email` varchar(255) DEFAULT NULL,
  `name` varchar(255) DEFAULT NULL,
  `note` varchar(255) DEFAULT NULL,
  `phone_number` varchar(255) DEFAULT NULL,
  `status` varchar(255) DEFAULT NULL,
  `total_payment` decimal(19,2) DEFAULT NULL,
  `user_id` int DEFAULT NULL,
  PRIMARY KEY (`id`),
  KEY `FK3b2ji759qk04mk7iiglb0rcq6` (`user_id`),
  CONSTRAINT `FK3b2ji759qk04mk7iiglb0rcq6` FOREIGN KEY (`user_id`) REFERENCES `users` (`id`)
) ENGINE=InnoDB AUTO_INCREMENT=6 DEFAULT CHARSET=utf8mb4 COLLATE=utf8mb4_0900_ai_ci;
/*!40101 SET character_set_client = @saved_cs_client */;

--
-- Dumping data for table `order`
--

LOCK TABLES `order` WRITE;
/*!40000 ALTER TABLE `order` DISABLE KEYS */;
INSERT INTO `order` VALUES (5,'gghgjhj','2023-11-18 15:49:28.126000','sđfdb','dvdfv','dfggdf','0946324094','Đang xử lí',282210.00,4);
/*!40000 ALTER TABLE `order` ENABLE KEYS */;
UNLOCK TABLES;

--
-- Table structure for table `order_item`
--

DROP TABLE IF EXISTS `order_item`;
/*!40101 SET @saved_cs_client     = @@character_set_client */;
/*!50503 SET character_set_client = utf8mb4 */;
CREATE TABLE `order_item` (
  `id` int NOT NULL AUTO_INCREMENT,
  `old_price` decimal(19,2) DEFAULT NULL,
  `quantity` int DEFAULT NULL,
  `order_id` int DEFAULT NULL,
  `product_id` int DEFAULT NULL,
  PRIMARY KEY (`id`),
  KEY `FK7pv97udw3cbgddveqn6eoosng` (`order_id`),
  KEY `FK3u8xd63p6ryjcn6196ydm6tyb` (`product_id`),
  CONSTRAINT `FK3u8xd63p6ryjcn6196ydm6tyb` FOREIGN KEY (`product_id`) REFERENCES `products` (`id`),
  CONSTRAINT `FK7pv97udw3cbgddveqn6eoosng` FOREIGN KEY (`order_id`) REFERENCES `order` (`id`)
) ENGINE=InnoDB AUTO_INCREMENT=3 DEFAULT CHARSET=utf8mb4 COLLATE=utf8mb4_0900_ai_ci;
/*!40101 SET character_set_client = @saved_cs_client */;

--
-- Dumping data for table `order_item`
--

LOCK TABLES `order_item` WRITE;
/*!40000 ALTER TABLE `order_item` DISABLE KEYS */;
INSERT INTO `order_item` VALUES (2,282210.00,1,5,11);
/*!40000 ALTER TABLE `order_item` ENABLE KEYS */;
UNLOCK TABLES;

--
-- Table structure for table `product_expression_compare`
--

DROP TABLE IF EXISTS `product_expression_compare`;
/*!40101 SET @saved_cs_client     = @@character_set_client */;
/*!50503 SET character_set_client = utf8mb4 */;
CREATE TABLE `product_expression_compare` (
  `product_id` int NOT NULL,
  `expression_compare` varchar(255) DEFAULT NULL,
  KEY `FK7xh5fxemulb9smlrl2v8mts97` (`product_id`),
  CONSTRAINT `FK7xh5fxemulb9smlrl2v8mts97` FOREIGN KEY (`product_id`) REFERENCES `products` (`id`)
) ENGINE=InnoDB DEFAULT CHARSET=utf8mb4 COLLATE=utf8mb4_0900_ai_ci;
/*!40101 SET character_set_client = @saved_cs_client */;

--
-- Dumping data for table `product_expression_compare`
--

LOCK TABLES `product_expression_compare` WRITE;
/*!40000 ALTER TABLE `product_expression_compare` DISABLE KEYS */;
INSERT INTO `product_expression_compare` VALUES (11,'Sản phẩm thích hợp sử dụng cho mọi loại da, đặc biệt là da siêu nhạy cảm.'),(11,'Da nhạy cảm, dễ bị kích ứng, mẩn đỏ.  Da khô, thiếu nước.'),(11,'Cân bằng độ pH và dưỡng ẩm sâu, phục hồi da'),(11,'Kháng khuẩn, chống viêm, giảm mẩn đỏ, khôi phục những vết thương sưng tấy do mụn viêm và mụn trứng cá để lại trên da'),(11,'Tác dụng có thể khác nhau tuỳ cơ địa của người dùng'),(11,'Tránh ánh nắng trực tiếp.  Để nơi khô ráo, thoáng mát.  Đậy nắp kín sau khi sử dụng.'),(13,'Phù hợp với mọi làn da, đặc biệt là da nhạy cảm.'),(13,'Da bị kích ứng với yếu tố môi trường (tia UV, nguồn nước).  Da tổn thương (nặn mụn, laser, dùng sản phẩm treatment).  Da thiếu ẩm, thiếu nước.'),(13,'Guaiazulene, Chiết xuất rau má, Hyaluronic Acid, Ceramide 3, Dầu Argan, Kết cấu kem dạng gel-cream.'),(13,'Tác dụng có thể khác nhau tuỳ cơ địa của người dùng'),(13,'Không chứa cồn, paraben, silicone.  Không màu nhân tạo, hương liệu.  Không gây kích ứng, an toàn cho làn da nhạy cảm.'),(13,'Nơi khô ráo, thoáng mát.  Tránh ánh nắng trực tiếp, nơi có nhiệt độ cao hoặc ẩm ướt.  Đậy nắp kín sau khi sử dụng.'),(14,''),(14,''),(14,''),(14,''),(14,''),(14,'');
/*!40000 ALTER TABLE `product_expression_compare` ENABLE KEYS */;
UNLOCK TABLES;

--
-- Table structure for table `product_images`
--

DROP TABLE IF EXISTS `product_images`;
/*!40101 SET @saved_cs_client     = @@character_set_client */;
/*!50503 SET character_set_client = utf8mb4 */;
CREATE TABLE `product_images` (
  `id` int NOT NULL AUTO_INCREMENT,
  `url` varchar(1024) DEFAULT NULL,
  `product_id` int DEFAULT NULL,
  PRIMARY KEY (`id`),
  KEY `FKb4ct19237ff3iusxp73vsdcp2` (`product_id`),
  CONSTRAINT `FKb4ct19237ff3iusxp73vsdcp2` FOREIGN KEY (`product_id`) REFERENCES `products` (`id`)
) ENGINE=InnoDB AUTO_INCREMENT=61 DEFAULT CHARSET=utf8mb4 COLLATE=utf8mb4_0900_ai_ci;
/*!40101 SET character_set_client = @saved_cs_client */;

--
-- Dumping data for table `product_images`
--

LOCK TABLES `product_images` WRITE;
/*!40000 ALTER TABLE `product_images` DISABLE KEYS */;
INSERT INTO `product_images` VALUES (1,'',NULL),(2,'',NULL),(3,'',NULL),(7,'',NULL),(8,'',NULL),(9,'',NULL),(13,'',NULL),(14,'',NULL),(15,'',NULL),(19,'https://klairsvietnam.vn/wp-content/uploads/2020/07/klairs-supple-preparation-unscented-toner.jpg',11),(20,'https://klairsvietnam.vn/wp-content/uploads/2020/07/nuoc-hoa-hong-klairs-supple-preparation-unscented-toner.jpg',11),(21,'',11),(25,'https://klairsvietnam.vn/wp-content/uploads/2020/07/klairs-supple-preparation-unscented-toner.jpg',NULL),(26,'https://klairsvietnam.vn/wp-content/uploads/2020/07/nuoc-hoa-hong-klairs-supple-preparation-unscented-toner.jpg',NULL),(27,'',NULL),(28,'https://klairsvietnam.vn/wp-content/uploads/2020/07/klairs-supple-preparation-unscented-toner.jpg',11),(29,'https://klairsvietnam.vn/wp-content/uploads/2020/07/nuoc-hoa-hong-klairs-supple-preparation-unscented-toner.jpg',11),(30,'',11),(31,'https://klairsvietnam.vn/wp-content/uploads/2020/07/klairs-supple-preparation-unscented-toner.jpg',NULL),(32,'https://klairsvietnam.vn/wp-content/uploads/2020/07/nuoc-hoa-hong-klairs-supple-preparation-unscented-toner.jpg',NULL),(33,'',NULL),(34,'https://klairsvietnam.vn/wp-content/uploads/2020/07/klairs-supple-preparation-unscented-toner.jpg',11),(35,'https://klairsvietnam.vn/wp-content/uploads/2020/07/nuoc-hoa-hong-klairs-supple-preparation-unscented-toner.jpg',11),(36,'',11),(37,'https://klairsvietnam.vn/wp-content/uploads/2020/07/klairs-supple-preparation-unscented-toner.jpg',NULL),(38,'https://klairsvietnam.vn/wp-content/uploads/2020/07/nuoc-hoa-hong-klairs-supple-preparation-unscented-toner.jpg',NULL),(39,'',NULL),(40,'https://klairsvietnam.vn/wp-content/uploads/2020/07/klairs-supple-preparation-unscented-toner.jpg',11),(41,'https://klairsvietnam.vn/wp-content/uploads/2020/07/nuoc-hoa-hong-klairs-supple-preparation-unscented-toner.jpg',11),(42,'',11),(43,'https://klairsvietnam.vn/wp-content/uploads/2020/07/klairs-supple-preparation-unscented-toner.jpg',NULL),(44,'https://klairsvietnam.vn/wp-content/uploads/2020/07/nuoc-hoa-hong-klairs-supple-preparation-unscented-toner.jpg',NULL),(45,'',NULL),(46,'https://klairsvietnam.vn/wp-content/uploads/2020/07/klairs-supple-preparation-unscented-toner.jpg',11),(47,'https://klairsvietnam.vn/wp-content/uploads/2020/07/nuoc-hoa-hong-klairs-supple-preparation-unscented-toner.jpg',11),(48,'',11),(49,'https://klairsvietnam.vn/wp-content/uploads/2020/07/klairs-supple-preparation-unscented-toner.jpg',NULL),(50,'https://klairsvietnam.vn/wp-content/uploads/2020/07/nuoc-hoa-hong-klairs-supple-preparation-unscented-toner.jpg',NULL),(51,'',NULL),(52,'https://klairsvietnam.vn/wp-content/uploads/2020/07/klairs-supple-preparation-unscented-toner.jpg',11),(53,'https://klairsvietnam.vn/wp-content/uploads/2020/07/nuoc-hoa-hong-klairs-supple-preparation-unscented-toner.jpg',11),(54,'',11),(55,'https://klairsvietnam.vn/wp-content/uploads/2020/08/kem-duong-lam-diu-da-klairs.jpg',13),(56,'https://media.hasaki.vn/wysiwyg/HaNguyen/kem-duong-am-lam-diu-da-ban-dem-klairs-02.jpg',13),(57,'',13),(58,'',14),(59,'',14),(60,'',14);
/*!40000 ALTER TABLE `product_images` ENABLE KEYS */;
UNLOCK TABLES;

--
-- Table structure for table `products`
--

DROP TABLE IF EXISTS `products`;
/*!40101 SET @saved_cs_client     = @@character_set_client */;
/*!50503 SET character_set_client = utf8mb4 */;
CREATE TABLE `products` (
  `id` int NOT NULL AUTO_INCREMENT,
  `brand` varchar(255) DEFAULT NULL,
  `date_release` datetime(6) DEFAULT NULL,
  `full_description` text,
  `is_active` bit(1) DEFAULT NULL,
  `main_image` varchar(1024) DEFAULT NULL,
  `name` varchar(255) DEFAULT NULL,
  `percent_discount` double DEFAULT NULL,
  `price` decimal(12,3) DEFAULT NULL,
  `quantity_left` int DEFAULT NULL,
  `quantity_sold` int DEFAULT NULL,
  `short_description` text,
  `slug` varchar(255) DEFAULT NULL,
  `category_id` int DEFAULT NULL,
  PRIMARY KEY (`id`),
  KEY `FK6keev632w4hq6g5dfm2rpw5mo` (`category_id`),
  CONSTRAINT `FK6keev632w4hq6g5dfm2rpw5mo` FOREIGN KEY (`category_id`) REFERENCES `my_categories` (`id`)
) ENGINE=InnoDB AUTO_INCREMENT=15 DEFAULT CHARSET=utf8mb4 COLLATE=utf8mb4_0900_ai_ci;
/*!40101 SET character_set_client = @saved_cs_client */;

--
-- Dumping data for table `products`
--

LOCK TABLES `products` WRITE;
/*!40000 ALTER TABLE `products` DISABLE KEYS */;
INSERT INTO `products` VALUES (11,'Klairs','2023-11-18 13:56:36.764000','<p class=\"MsoNormal\" style=\"margin-bottom: 7.5pt; line-height: normal; background-image: initial; background-position: initial; background-size: initial; background-repeat: initial; background-attachment: initial; background-origin: initial; background-clip: initial;\"><b><span style=\"font-size: 10pt; font-family: Arial, sans-serif;\">Nước hoa hồng không mùi Dear, Klairs Supple Preparation\r\nUnscented Toner&nbsp;</span></b><span style=\"font-size: 10pt; font-family: Arial, sans-serif;\">dưỡng ẩm và mềm da&nbsp;chiết xuất từ thực vật, giúp cân\r\nbằng độ pH, tăng cường hiệu quả chăm sóc da. Toner có dạng trong suốt, không\r\nmàu, lỏng, nhẹ, hơi nhớt, thấm rất nhanh trên da. Giúp loại bỏ bụi bẩn và bã\r\nnhờn dư thừa trên da sau khi rửa mặt đồng thời cân bằng độ pH để các bước\r\nskincare tiếp theo đạt hiệu quả hơn.</span></p><p class=\"MsoNormal\" style=\"margin-bottom: 7.5pt; line-height: normal; background-image: initial; background-position: initial; background-size: initial; background-repeat: initial; background-attachment: initial; background-origin: initial; background-clip: initial;\"><span style=\"font-size: 10pt; font-family: Arial, sans-serif;\"><br></span></p><p class=\"MsoNormal\" style=\"margin-bottom: 7.5pt; line-height: normal; background-image: initial; background-position: initial; background-size: initial; background-repeat: initial; background-attachment: initial; background-origin: initial; background-clip: initial;\"><span style=\"font-size: 10pt; font-family: Arial, sans-serif;\"><o:p></o:p></span></p>\r\n\r\n<p class=\"MsoNormal\" style=\"margin-bottom: 7.5pt; line-height: normal; background-image: initial; background-position: initial; background-size: initial; background-repeat: initial; background-attachment: initial; background-origin: initial; background-clip: initial;\"><u><b><span style=\"font-size: 10pt; font-family: Arial, sans-serif;\">Thành phần chính:</span><span style=\"font-size: 10pt; font-family: Arial, sans-serif;\"><o:p></o:p></span></b></u></p>\r\n\r\n<ul style=\"margin-top:0in\" type=\"disc\">\r\n <li class=\"MsoNormal\" style=\"margin-bottom: 7.5pt; line-height: normal; background-image: initial; background-position: initial; background-size: initial; background-repeat: initial; background-attachment: initial; background-origin: initial; background-clip: initial;\"><b><span style=\"font-size:10.0pt;font-family:&quot;Arial&quot;,sans-serif;mso-fareast-font-family:\r\n     &quot;Times New Roman&quot;;mso-font-kerning:0pt;mso-ligatures:none\">Sodium\r\n     Hyaluronate, β-glucan:</span></b><span style=\"font-size:10.0pt;font-family:\r\n     &quot;Arial&quot;,sans-serif;mso-fareast-font-family:&quot;Times New Roman&quot;;mso-font-kerning:\r\n     0pt;mso-ligatures:none\">&nbsp;Giúp da được cấp ẩm tức thì và giữ ẩm cho\r\n     da.<o:p></o:p></span></li>\r\n <li class=\"MsoNormal\" style=\"margin-bottom: 7.5pt; line-height: normal; background-image: initial; background-position: initial; background-size: initial; background-repeat: initial; background-attachment: initial; background-origin: initial; background-clip: initial;\"><b><span style=\"font-size:10.0pt;font-family:&quot;Arial&quot;,sans-serif;mso-fareast-font-family:\r\n     &quot;Times New Roman&quot;;mso-font-kerning:0pt;mso-ligatures:none\">Chiết xuất rau\r\n     má:</span></b><span style=\"font-size:10.0pt;font-family:&quot;Arial&quot;,sans-serif;\r\n     mso-fareast-font-family:&quot;Times New Roman&quot;;mso-font-kerning:0pt;mso-ligatures:\r\n     none\">&nbsp;Giúp làm dịu da, giảm mẩn đỏ, sưng viêm và hồi phục da.<o:p></o:p></span></li>\r\n <li class=\"MsoNormal\" style=\"margin-bottom: 7.5pt; line-height: normal; background-image: initial; background-position: initial; background-size: initial; background-repeat: initial; background-attachment: initial; background-origin: initial; background-clip: initial;\"><b><span style=\"font-size:10.0pt;font-family:&quot;Arial&quot;,sans-serif;mso-fareast-font-family:\r\n     &quot;Times New Roman&quot;;mso-font-kerning:0pt;mso-ligatures:none\">Lipidure:</span></b><span style=\"font-size:10.0pt;font-family:&quot;Arial&quot;,sans-serif;mso-fareast-font-family:\r\n     &quot;Times New Roman&quot;;mso-font-kerning:0pt;mso-ligatures:none\">&nbsp;Dưỡng ẩm\r\n     sâu và hình thành hàng rào bảo vệ da.<o:p></o:p></span></li>\r\n <li class=\"MsoNormal\" style=\"margin-bottom: 7.5pt; line-height: normal; background-image: initial; background-position: initial; background-size: initial; background-repeat: initial; background-attachment: initial; background-origin: initial; background-clip: initial;\"><span style=\"font-size:10.0pt;font-family:&quot;Arial&quot;,sans-serif;mso-fareast-font-family:\r\n     &quot;Times New Roman&quot;;mso-font-kerning:0pt;mso-ligatures:none\">Đặc biệt sản\r\n     phẩm hoàn toàn không mùi, không chứa hương liệu, phù hợp với những làn da\r\n     nhạy cảm về hương liệu.<o:p></o:p></span></li>\r\n</ul>\r\n\r\n<p class=\"MsoNormal\" style=\"margin-bottom: 7.5pt; line-height: normal; background-image: initial; background-position: initial; background-size: initial; background-repeat: initial; background-attachment: initial; background-origin: initial; background-clip: initial;\"><u><b><span style=\"font-size: 10pt; font-family: Arial, sans-serif;\"><br></span></b></u></p><p class=\"MsoNormal\" style=\"margin-bottom: 7.5pt; line-height: normal; background-image: initial; background-position: initial; background-size: initial; background-repeat: initial; background-attachment: initial; background-origin: initial; background-clip: initial;\"><u><b><span style=\"font-size: 10pt; font-family: Arial, sans-serif;\">Thành phần chi tiết:</span><span style=\"font-size: 10pt; font-family: Arial, sans-serif;\"><o:p></o:p></span></b></u></p>\r\n\r\n<p class=\"MsoNormal\" style=\"margin-bottom: 7.5pt; line-height: normal; background-image: initial; background-position: initial; background-size: initial; background-repeat: initial; background-attachment: initial; background-origin: initial; background-clip: initial;\"><span style=\"font-size: 10pt; font-family: Arial, sans-serif;\">Water,\r\nButylene Glycol, Dimethyl Sulfone, Betaine, Caprylic/Capric Triglyceride, Natto\r\nGum, Sodium Hyaluronate, Disodium EDTA, Centella Asiatica Extract, Glycyrrhiza\r\nGlabra (Licorice) Root Extract, Polyquaternium-51, Chlorphenesin, Tocopheryl\r\nAcetate, Carbomer, Panthenol, Arginine, Luffa Cylindrica Fruit/Leaf/Stem\r\nExtract, Beta-Glucan, Althaea Rosea Flower Extract, Aloe Barbadensis Leaf\r\nExtract, Hydroxyethylcellulose, Portulaca, Oleracea Extract, Lysine HCL,\r\nProline, Sodium Ascorbyl Phosphate, Acetyl Methionine, Theanine, Copper\r\nTripeptide-1.<o:p></o:p></span></p>\r\n\r\n<p class=\"MsoNormal\" style=\"margin-bottom: 8.25pt; line-height: normal; background-image: initial; background-position: initial; background-size: initial; background-repeat: initial; background-attachment: initial; background-origin: initial; background-clip: initial;\"><b><span style=\"font-size: 11.5pt; font-family: Arial, sans-serif;\"><u><br></u></span></b></p><p class=\"MsoNormal\" style=\"margin-bottom: 8.25pt; line-height: normal; background-image: initial; background-position: initial; background-size: initial; background-repeat: initial; background-attachment: initial; background-origin: initial; background-clip: initial;\"><span style=\"font-size: 11.5pt; font-family: Arial, sans-serif;\"><u style=\"\"><b>Loại da phù hợp:<o:p></o:p></b></u></span></p>\r\n\r\n<ul type=\"disc\">\r\n <li class=\"MsoNormal\" style=\"line-height: normal; background-image: initial; background-position: initial; background-size: initial; background-repeat: initial; background-attachment: initial; background-origin: initial; background-clip: initial;\"><span style=\"font-size:10.0pt;font-family:&quot;Arial&quot;,sans-serif;\r\n     mso-fareast-font-family:&quot;Times New Roman&quot;;mso-font-kerning:0pt;mso-ligatures:\r\n     none\">Sản phẩm thích hợp sử dụng cho mọi loại da, đặc biệt là da siêu nhạy\r\n     cảm.<o:p></o:p></span></li>\r\n</ul>\r\n\r\n<p class=\"MsoNormal\" style=\"margin-bottom: 8.25pt; line-height: normal; background-image: initial; background-position: initial; background-size: initial; background-repeat: initial; background-attachment: initial; background-origin: initial; background-clip: initial;\"><b><span style=\"font-size: 11.5pt; font-family: Arial, sans-serif;\"><u><br></u></span></b></p><p class=\"MsoNormal\" style=\"margin-bottom: 8.25pt; line-height: normal; background-image: initial; background-position: initial; background-size: initial; background-repeat: initial; background-attachment: initial; background-origin: initial; background-clip: initial;\"><span style=\"font-size: 11.5pt; font-family: Arial, sans-serif;\"><u style=\"\"><b>Giải pháp cho tình trạng da:<o:p></o:p></b></u></span></p>\r\n\r\n<ul style=\"margin-top:0in\" type=\"disc\">\r\n <li class=\"MsoNormal\" style=\"margin-bottom: 7.5pt; line-height: normal; background-image: initial; background-position: initial; background-size: initial; background-repeat: initial; background-attachment: initial; background-origin: initial; background-clip: initial;\"><span style=\"font-size:10.0pt;font-family:&quot;Arial&quot;,sans-serif;mso-fareast-font-family:\r\n     &quot;Times New Roman&quot;;mso-font-kerning:0pt;mso-ligatures:none\">Da nhạy cảm, dễ\r\n     bị kích ứng, mẩn đỏ.<o:p></o:p></span></li>\r\n <li class=\"MsoNormal\" style=\"margin-bottom: 7.5pt; line-height: normal; background-image: initial; background-position: initial; background-size: initial; background-repeat: initial; background-attachment: initial; background-origin: initial; background-clip: initial;\"><span style=\"font-size:10.0pt;font-family:&quot;Arial&quot;,sans-serif;mso-fareast-font-family:\r\n     &quot;Times New Roman&quot;;mso-font-kerning:0pt;mso-ligatures:none\">Da khô, thiếu\r\n     nước.<o:p></o:p></span></li>\r\n</ul>\r\n\r\n<p class=\"MsoNormal\" style=\"margin-bottom: 8.25pt; line-height: normal; background-image: initial; background-position: initial; background-size: initial; background-repeat: initial; background-attachment: initial; background-origin: initial; background-clip: initial;\"><b><span style=\"font-size: 11.5pt; font-family: Arial, sans-serif;\"><u><br></u></span></b></p><p class=\"MsoNormal\" style=\"margin-bottom: 8.25pt; line-height: normal; background-image: initial; background-position: initial; background-size: initial; background-repeat: initial; background-attachment: initial; background-origin: initial; background-clip: initial;\"><span style=\"font-size: 11.5pt; font-family: Arial, sans-serif;\"><u style=\"\"><b>Công dụng:<o:p></o:p></b></u></span></p>\r\n\r\n<ul style=\"margin-top:0in\" type=\"disc\">\r\n <li class=\"MsoNormal\" style=\"margin-bottom: 7.5pt; line-height: normal; background-image: initial; background-position: initial; background-size: initial; background-repeat: initial; background-attachment: initial; background-origin: initial; background-clip: initial;\"><span style=\"font-size:10.0pt;font-family:&quot;Arial&quot;,sans-serif;mso-fareast-font-family:\r\n     &quot;Times New Roman&quot;;mso-font-kerning:0pt;mso-ligatures:none\">Cấp ẩm&nbsp;tức\r\n     thì cho da, làm dịu làn da khô căng, kích ứng&nbsp;<o:p></o:p></span></li>\r\n <li class=\"MsoNormal\" style=\"margin-bottom: 7.5pt; line-height: normal; background-image: initial; background-position: initial; background-size: initial; background-repeat: initial; background-attachment: initial; background-origin: initial; background-clip: initial;\"><span style=\"font-size:10.0pt;font-family:&quot;Arial&quot;,sans-serif;mso-fareast-font-family:\r\n     &quot;Times New Roman&quot;;mso-font-kerning:0pt;mso-ligatures:none\">Cân bằng độ pH\r\n     trên da, tăng hiệu quả của quá trình chăm sóc da hàng ngày.<o:p></o:p></span></li>\r\n <li class=\"MsoNormal\" style=\"margin-bottom: 7.5pt; line-height: normal; background-image: initial; background-position: initial; background-size: initial; background-repeat: initial; background-attachment: initial; background-origin: initial; background-clip: initial;\"><b><span style=\"font-size:10.0pt;font-family:&quot;Arial&quot;,sans-serif;mso-fareast-font-family:\r\n     &quot;Times New Roman&quot;;mso-font-kerning:0pt;mso-ligatures:none\">Sodium\r\n     Hyaluronate:&nbsp;</span></b><span style=\"font-size:10.0pt;font-family:\r\n     &quot;Arial&quot;,sans-serif;mso-fareast-font-family:&quot;Times New Roman&quot;;mso-font-kerning:\r\n     0pt;mso-ligatures:none\">Cấp nước vượt trội, giúp da được ẩm mượt và mềm\r\n     mại.<o:p></o:p></span></li>\r\n <li class=\"MsoNormal\" style=\"margin-bottom: 7.5pt; line-height: normal; background-image: initial; background-position: initial; background-size: initial; background-repeat: initial; background-attachment: initial; background-origin: initial; background-clip: initial;\"><b><span style=\"font-size:10.0pt;font-family:&quot;Arial&quot;,sans-serif;mso-fareast-font-family:\r\n     &quot;Times New Roman&quot;;mso-font-kerning:0pt;mso-ligatures:none\">Phyto-Oligo:</span></b><span style=\"font-size:10.0pt;font-family:&quot;Arial&quot;,sans-serif;mso-fareast-font-family:\r\n     &quot;Times New Roman&quot;;mso-font-kerning:0pt;mso-ligatures:none\">&nbsp;dưỡng ẩm,\r\n     giúp da không bị khô.<o:p></o:p></span></li>\r\n <li class=\"MsoNormal\" style=\"margin-bottom: 7.5pt; line-height: normal; background-image: initial; background-position: initial; background-size: initial; background-repeat: initial; background-attachment: initial; background-origin: initial; background-clip: initial;\"><b><span style=\"font-size:10.0pt;font-family:&quot;Arial&quot;,sans-serif;mso-fareast-font-family:\r\n     &quot;Times New Roman&quot;;mso-font-kerning:0pt;mso-ligatures:none\">Axit Amin lúa\r\n     mì:&nbsp;</span></b><span style=\"font-size:10.0pt;font-family:&quot;Arial&quot;,sans-serif;\r\n     mso-fareast-font-family:&quot;Times New Roman&quot;;mso-font-kerning:0pt;mso-ligatures:\r\n     none\">có công dụng chống viêm, giúp giảm viêm và cung cấp độ ẩm sâu.<o:p></o:p></span></li>\r\n <li class=\"MsoNormal\" style=\"margin-bottom: 7.5pt; line-height: normal; background-image: initial; background-position: initial; background-size: initial; background-repeat: initial; background-attachment: initial; background-origin: initial; background-clip: initial;\"><span style=\"font-size:10.0pt;font-family:&quot;Arial&quot;,sans-serif;mso-fareast-font-family:\r\n     &quot;Times New Roman&quot;;mso-font-kerning:0pt;mso-ligatures:none\">Kết cấu sản\r\n     phẩm là dạng lỏng&nbsp;khi thoa lên da bạn sẽ cảm thấy da được cung cấp\r\n     một lượng nước và độ ẩm rất lớn.<o:p></o:p></span></li>\r\n</ul>\r\n\r\n<ul style=\"margin-top:0in\" type=\"disc\">\r\n <li class=\"MsoNormal\" style=\"margin-bottom: 7.5pt; line-height: normal; background-image: initial; background-position: initial; background-size: initial; background-repeat: initial; background-attachment: initial; background-origin: initial; background-clip: initial;\"><span style=\"font-size:10.0pt;font-family:&quot;Arial&quot;,sans-serif;mso-fareast-font-family:\r\n     &quot;Times New Roman&quot;;mso-font-kerning:0pt;mso-ligatures:none\">Sản phẩm không\r\n     mùi, không hương hiệu, phù hợp cho những làn da nhạy cảm.<o:p></o:p></span></li>\r\n</ul>\r\n\r\n<p class=\"MsoNormal\" style=\"margin-bottom: 8.25pt; line-height: normal; background-image: initial; background-position: initial; background-size: initial; background-repeat: initial; background-attachment: initial; background-origin: initial; background-clip: initial;\"><b><span style=\"font-size: 11.5pt; font-family: Arial, sans-serif;\"><u><br></u></span></b></p><p class=\"MsoNormal\" style=\"margin-bottom: 8.25pt; line-height: normal; background-image: initial; background-position: initial; background-size: initial; background-repeat: initial; background-attachment: initial; background-origin: initial; background-clip: initial;\"><span style=\"font-size: 11.5pt; font-family: Arial, sans-serif;\"><u style=\"\"><b>Bảo quản:<o:p></o:p></b></u></span></p>\r\n\r\n<ul style=\"margin-top:0in\" type=\"disc\">\r\n <li class=\"MsoNormal\" style=\"margin-bottom: 7.5pt; line-height: normal; background-image: initial; background-position: initial; background-size: initial; background-repeat: initial; background-attachment: initial; background-origin: initial; background-clip: initial;\"><span style=\"font-size:10.0pt;font-family:&quot;Arial&quot;,sans-serif;\r\n     mso-fareast-font-family:&quot;Times New Roman&quot;;mso-font-kerning:0pt;mso-ligatures:\r\n     none\">Tránh ánh nắng trực tiếp.<o:p></o:p></span></li>\r\n <li class=\"MsoNormal\" style=\"margin-bottom: 7.5pt; line-height: normal; background-image: initial; background-position: initial; background-size: initial; background-repeat: initial; background-attachment: initial; background-origin: initial; background-clip: initial;\"><span style=\"font-size:10.0pt;font-family:&quot;Arial&quot;,sans-serif;\r\n     mso-fareast-font-family:&quot;Times New Roman&quot;;mso-font-kerning:0pt;mso-ligatures:\r\n     none\">Để nơi khô ráo, thoáng mát.<o:p></o:p></span></li>\r\n <li class=\"MsoNormal\" style=\"margin-bottom: 7.5pt; line-height: normal; background-image: initial; background-position: initial; background-size: initial; background-repeat: initial; background-attachment: initial; background-origin: initial; background-clip: initial;\"><span style=\"font-size:10.0pt;font-family:&quot;Arial&quot;,sans-serif;\r\n     mso-fareast-font-family:&quot;Times New Roman&quot;;mso-font-kerning:0pt;mso-ligatures:\r\n     none\">Đậy nắp kín sau khi sử dụng.<o:p></o:p></span></li>\r\n</ul>\r\n\r\n<p class=\"MsoNormal\" style=\"margin-bottom: 8.25pt; line-height: normal; background-image: initial; background-position: initial; background-size: initial; background-repeat: initial; background-attachment: initial; background-origin: initial; background-clip: initial;\"><b><span style=\"font-size: 11.5pt; font-family: Arial, sans-serif;\"><u><br></u></span></b></p><p class=\"MsoNormal\" style=\"margin-bottom: 8.25pt; line-height: normal; background-image: initial; background-position: initial; background-size: initial; background-repeat: initial; background-attachment: initial; background-origin: initial; background-clip: initial;\"><span style=\"font-size: 11.5pt; font-family: Arial, sans-serif;\"><u style=\"\"><b>Thông số sản phẩm:<o:p></o:p></b></u></span></p>\r\n\r\n<ul style=\"margin-top:0in\" type=\"disc\">\r\n <li class=\"MsoNormal\" style=\"margin-bottom: 7.5pt; line-height: normal; background-image: initial; background-position: initial; background-size: initial; background-repeat: initial; background-attachment: initial; background-origin: initial; background-clip: initial;\"><b><span style=\"font-size:10.0pt;font-family:&quot;Arial&quot;,sans-serif;\r\n     mso-fareast-font-family:&quot;Times New Roman&quot;;mso-font-kerning:0pt;mso-ligatures:\r\n     none\">Thương hiệu:</span></b><span style=\"font-size:10.0pt;font-family:\r\n     &quot;Arial&quot;,sans-serif;mso-fareast-font-family:&quot;Times New Roman&quot;;mso-font-kerning:\r\n     0pt;mso-ligatures:none\">&nbsp;dear,Klairs&nbsp;(By Wishtrend)<o:p></o:p></span></li>\r\n <li class=\"MsoNormal\" style=\"margin-bottom: 7.5pt; line-height: normal; background-image: initial; background-position: initial; background-size: initial; background-repeat: initial; background-attachment: initial; background-origin: initial; background-clip: initial;\"><b><span style=\"font-size:10.0pt;font-family:&quot;Arial&quot;,sans-serif;\r\n     mso-fareast-font-family:&quot;Times New Roman&quot;;mso-font-kerning:0pt;mso-ligatures:\r\n     none\">Xuất xứ thương hiệu:&nbsp;</span></b><span style=\"font-size:10.0pt;\r\n     font-family:&quot;Arial&quot;,sans-serif;mso-fareast-font-family:&quot;Times New Roman&quot;;\r\n     mso-font-kerning:0pt;mso-ligatures:none\">Hàn Quốc<o:p></o:p></span></li>\r\n <li class=\"MsoNormal\" style=\"margin-bottom: 7.5pt; line-height: normal; background-image: initial; background-position: initial; background-size: initial; background-repeat: initial; background-attachment: initial; background-origin: initial; background-clip: initial;\"><b><span style=\"font-size:10.0pt;font-family:&quot;Arial&quot;,sans-serif;\r\n     mso-fareast-font-family:&quot;Times New Roman&quot;;mso-font-kerning:0pt;mso-ligatures:\r\n     none\">Sản xuất tại:&nbsp;</span></b><span style=\"font-size:10.0pt;\r\n     font-family:&quot;Arial&quot;,sans-serif;mso-fareast-font-family:&quot;Times New Roman&quot;;\r\n     mso-font-kerning:0pt;mso-ligatures:none\">ENBIOSCIENCE Co., LTD KOREA, 252,\r\n     Namdongdaero, Namdong-gu, Incheon, Korea Hàn Quốc<o:p></o:p></span></li>\r\n <li class=\"MsoNormal\" style=\"margin-bottom: 7.5pt; line-height: normal; background-image: initial; background-position: initial; background-size: initial; background-repeat: initial; background-attachment: initial; background-origin: initial; background-clip: initial;\"><b><span style=\"font-size:10.0pt;font-family:&quot;Arial&quot;,sans-serif;\r\n     mso-fareast-font-family:&quot;Times New Roman&quot;;mso-font-kerning:0pt;mso-ligatures:\r\n     none\">Ngày sản xuất:&nbsp;</span></b><span style=\"font-size:10.0pt;\r\n     font-family:&quot;Arial&quot;,sans-serif;mso-fareast-font-family:&quot;Times New Roman&quot;;\r\n     mso-font-kerning:0pt;mso-ligatures:none\">xem trên bao bì sản phẩm\r\n     (năm.tháng.ngày )<o:p></o:p></span></li>\r\n <li class=\"MsoNormal\" style=\"margin-bottom: 7.5pt; line-height: normal; background-image: initial; background-position: initial; background-size: initial; background-repeat: initial; background-attachment: initial; background-origin: initial; background-clip: initial;\"><b><span style=\"font-size:10.0pt;font-family:&quot;Arial&quot;,sans-serif;\r\n     mso-fareast-font-family:&quot;Times New Roman&quot;;mso-font-kerning:0pt;mso-ligatures:\r\n     none\">Hạn sử dụng:&nbsp;</span></b><span style=\"font-size:10.0pt;\r\n     font-family:&quot;Arial&quot;,sans-serif;mso-fareast-font-family:&quot;Times New Roman&quot;;\r\n     mso-font-kerning:0pt;mso-ligatures:none\">3 năm kể từ ngày sản xuất<o:p></o:p></span></li>\r\n <li class=\"MsoNormal\" style=\"margin-bottom: 7.5pt; line-height: normal; background-image: initial; background-position: initial; background-size: initial; background-repeat: initial; background-attachment: initial; background-origin: initial; background-clip: initial;\"><b><span style=\"font-size:10.0pt;font-family:&quot;Arial&quot;,sans-serif;\r\n     mso-fareast-font-family:&quot;Times New Roman&quot;;mso-font-kerning:0pt;mso-ligatures:\r\n     none\">Dung tích:</span></b><span style=\"font-size:10.0pt;font-family:&quot;Arial&quot;,sans-serif;\r\n     mso-fareast-font-family:&quot;Times New Roman&quot;;mso-font-kerning:0pt;mso-ligatures:\r\n     none\">&nbsp;180ml<o:p></o:p></span></li>\r\n</ul>',_binary '','https://klairsvietnam.vn/wp-content/uploads/2020/07/nuoc-hoa-hong-khong-mui-klairs.jpg','Nước Hoa Hồng Klairs Không Mùi Cho Da Nhạy Cảm 180ml',31,409000.000,1000,200,'<ul style=\"padding: 0px; margin-bottom: 1.3em; font-size: medium; list-style-position: initial; list-style-image: initial; font-family: Lato, sans-serif;\"><li style=\"margin-bottom: 0.6em; margin-left: 1.3em;\">Cân bằng độ pH và dưỡng ẩm sâu, phục hồi da</li><li style=\"margin-bottom: 0.6em; margin-left: 1.3em;\">Làm sạch da, hạn chế dầu nhờn ngăn cản sự phát triển của vi khuẩn gây mụn</li><li style=\"margin-bottom: 0.6em; margin-left: 1.3em;\">Kháng khuẩn, chống viêm, giảm mẩn đỏ, khôi phục những vết thương sưng tấy do mụn viêm và mụn trứng cá để lại trên da</li><li style=\"margin-bottom: 0.6em; margin-left: 1.3em;\">Dung tích : 180ml</li><li style=\"margin-bottom: 0.6em; margin-left: 1.3em;\">Xuất xứ : Hàn Quốc</li></ul>','nuoc-hoa-hong-klairs-khong-mui-cho-da-nhay-cam-180ml',1),(13,'Klairs','2023-11-18 14:19:31.910000','<p style=\"margin-right: 0px; margin-bottom: 10px; margin-left: 0px; font-family: arial, helvetica, sans-serif; font-size: 13px;\"><strong style=\"font-weight: bold;\">Klairs Midnight Blue Calming Cream</strong>&nbsp;sở hữu thiết kế bao bì đơn giản mà sang trọng, mang một màu đen huyền bí đặc trưng của dòng sản phẩm Midnight Blue, giúp làm nổi bật lên màu xanh của chất kem bên trong. Hộp kem được làm bằng thủy tinh chất lượng, bên trong có kèm theo nắp bảo vệ và muỗng nhựa để lấy kem, giúp bảo quản kem được lâu hơn, tránh hiện tượng oxi hóa và tránh việc lấy kem trực tiếp bằng tay khiến kem bị nhiễm khuẩn.</p><div><p style=\"margin-right: 0px; margin-bottom: 10px; margin-left: 0px; font-family: arial, helvetica, sans-serif; font-size: 13px;\">Riêng với dung tích lớn&nbsp;<strong style=\"font-weight: bold;\">60g&nbsp;</strong>được hãng thiết kế ở dạng tuýp nhựa tiện dụng, thích hợp mang theo bên người để đi công tác hoặc du lịch. Dạng tuýp cũng giúp bảo quản kem bên trong được tốt hơn, hạn chế việc kem tiếp xúc với không khí nhanh bị oxy hóa.&nbsp;</p></div><div><p style=\"margin-right: 0px; margin-bottom: 10px; margin-left: 0px; font-family: arial, helvetica, sans-serif; font-size: 13px;\">Kết cấu kem dạng&nbsp;<strong style=\"font-weight: bold;\">gel-cream</strong>&nbsp;thẩm thấu nhanh chóng vào da và không để lại cảm giác dính dấp hay làm da đổ dầu, mang lại cảm giác mát dịu tức thì. Tuy nhiên, theo hãng giới thiệu thì&nbsp;<strong style=\"font-weight: bold;\">Klairs Midnight Blue Calming Cream</strong>&nbsp;không phải là một loại kem dưỡng ẩm thông thường mà thiên về làm dịu da nhanh chóng, vì vậy hãng khuyến khích sử dụng kem cho những vùng da bị mẩn đỏ và kích ứng, sử dụng tốt nhất vào ban đêm để hỗ trợ phục hồi và tái tạo bề mặt da.</p></div><div><p style=\"margin-right: 0px; margin-bottom: 10px; margin-left: 0px; font-family: arial, helvetica, sans-serif; font-size: 13px;\"><strong style=\"font-weight: bold;\">Klairs Midnight Blue Calming Cream&nbsp;</strong>là sản phẩm kem dưỡng ẩm lý tưởng để sử dụng hằng ngày, giúp dưỡng ẩm dịu nhẹ cho da, đồng thời hỗ trợ phục hồi và tái tạo làn da khỏe mạnh, mịn màng hơn. Bảo vệ làn da nhạy cảm khỏi các tổn thương do tác động từ môi trường bên ngoài.</p><p style=\"margin-right: 0px; margin-bottom: 10px; margin-left: 0px; font-family: arial, helvetica, sans-serif; font-size: 13px;\">Hiện sản phẩm&nbsp;<strong style=\"font-weight: bold;\">Kem Dưỡng Ẩm Klairs Midnight Blue Calming Cream&nbsp;</strong>đã có mặt tại&nbsp;<strong style=\"font-weight: bold;\">Hasaki</strong>&nbsp;với 2 dung tích cho bạn lựa chọn:</p><ul style=\"margin-bottom: 10px; font-family: arial, helvetica, sans-serif; font-size: 13px;\"><li><strong style=\"font-weight: bold;\">30ml (dạng hũ)</strong></li></ul><ul style=\"margin-bottom: 10px; font-family: arial, helvetica, sans-serif; font-size: 13px;\"><li><strong style=\"font-weight: bold;\">60g (dạng tuýp)</strong></li></ul><h3 style=\"font-family: arial, helvetica, sans-serif; font-weight: bolder; line-height: 1.8; color: rgb(0, 0, 0); margin-right: 0px; margin-bottom: 11px; margin-left: 0px; font-size: 15px !important;\">Loại da phù hợp:</h3><ul style=\"margin-bottom: 10px; font-family: arial, helvetica, sans-serif; font-size: 13px;\"><li><p style=\"margin-right: 0px; margin-bottom: 10px; margin-left: 0px;\">Phù hợp với mọi làn da, đặc biệt là da nhạy cảm.</p></li></ul><h3 style=\"font-family: arial, helvetica, sans-serif; font-weight: bolder; line-height: 1.8; color: rgb(0, 0, 0); margin-right: 0px; margin-bottom: 11px; margin-left: 0px; font-size: 15px !important;\">Giải pháp cho tình trạng da:</h3><ul style=\"margin-bottom: 10px; font-family: arial, helvetica, sans-serif; font-size: 13px;\"><li><p style=\"margin-right: 0px; margin-bottom: 10px; margin-left: 0px;\">Da bị&nbsp;kích ứng với yếu tố môi trường (tia UV, nguồn nước).</p></li><li><p style=\"margin-right: 0px; margin-bottom: 10px; margin-left: 0px;\">Da&nbsp;tổn thương (nặn mụn, laser, dùng sản phẩm treatment).</p></li><li><p style=\"margin-right: 0px; margin-bottom: 10px; margin-left: 0px;\">Da thiếu ẩm, thiếu nước.</p></li></ul><h3 style=\"font-family: arial, helvetica, sans-serif; font-weight: bolder; line-height: 1.8; color: rgb(0, 0, 0); margin-right: 0px; margin-bottom: 11px; margin-left: 0px; font-size: 15px !important;\">Ưu thế nổi bật:</h3><ul style=\"margin-bottom: 10px; font-family: arial, helvetica, sans-serif; font-size: 13px;\"><li><p style=\"margin-right: 0px; margin-bottom: 10px; margin-left: 0px;\"><strong style=\"font-weight: bold;\">Guaiazulene</strong>&nbsp;(chiết xuất từ dầu hoa cúc):&nbsp;là thành phần tạo nên màu xanh tự nhiên cho sản phẩm, có đặc tính chữa lành tổn thương trên da, giúp làm dịu da và kích thích tái tạo các tế bào da. Ngoài ra&nbsp;Guaiazulene&nbsp;còn kháng khuẩn, kháng viêm, chống oxy hóa, hỗ trợ ngăn ngừa mụn và ngăn ngừa các dấu hiệu lão hóa da.</p></li><li><p style=\"margin-right: 0px; margin-bottom: 10px; margin-left: 0px;\"><strong style=\"font-weight: bold;\">Chiết xuất rau má</strong>&nbsp;(Centella Asiatica Extract):&nbsp;thành phần nổi tiếng với công dụng chữa lành các vết thương ngoài da như bỏng, trầy xước, côn trùng cắn…, làm dịu da, giảm kích ứng, giảm mẩn đỏ, kích thích tổng hợp Collagen giúp ngăn ngừa hình thành&nbsp;<a href=\"https://hasaki.vn/danh-muc/seo-mun-c2061.html\" target=\"_blank\" style=\"text-decoration: none; outline: 0px; font-weight: bold; color: rgb(0, 100, 0) !important;\">sẹo mụn</a>.</p></li><li><p style=\"margin-right: 0px; margin-bottom: 10px; margin-left: 0px;\"><strong style=\"font-weight: bold;\">Hyaluronic Acid</strong>:&nbsp;dưỡng ẩm cho da mềm mượt.</p></li><li><p style=\"margin-right: 0px; margin-bottom: 10px; margin-left: 0px;\"><strong style=\"font-weight: bold;\">Ceramide 3</strong>:&nbsp;hỗ trợ phục hồi hàng rào bảo vệ da khỏe mạnh hơn.</p></li><li><p style=\"margin-right: 0px; margin-bottom: 10px; margin-left: 0px;\"><strong style=\"font-weight: bold;\">Dầu Argan</strong>:&nbsp;giàu axit béo&nbsp;dưỡng ẩm cho da, ngăn ngừa các dấu hiệu lão hóa.</p></li><li><p style=\"margin-right: 0px; margin-bottom: 10px; margin-left: 0px;\">Kết cấu kem dạng&nbsp;<strong style=\"font-weight: bold;\">gel-cream</strong>&nbsp;vô cùng mượt mà thoáng nhẹ cùng mùi hương thoang thoảng dễ chịu, không gây gắt mũi.</p></li></ul><div style=\"font-family: arial, helvetica, sans-serif; font-size: 13px;\"><h3 style=\"font-weight: bolder; line-height: 1.8; margin-right: 0px; margin-bottom: 11px; margin-left: 0px; font-size: 15px !important;\">Độ an toàn:</h3><ul style=\"margin-bottom: 10px;\"><li><p style=\"margin-right: 0px; margin-bottom: 10px; margin-left: 0px;\">Không chứa cồn, paraben, silicone.</p></li><li><p style=\"margin-right: 0px; margin-bottom: 10px; margin-left: 0px;\">Không màu nhân tạo, hương liệu.</p></li><li><p style=\"margin-right: 0px; margin-bottom: 10px; margin-left: 0px;\">Không gây kích ứng, an toàn cho làn da nhạy cảm.</p></li></ul></div><h3 style=\"font-family: arial, helvetica, sans-serif; font-weight: bolder; line-height: 1.8; color: rgb(0, 0, 0); margin-right: 0px; margin-bottom: 11px; margin-left: 0px; font-size: 15px !important;\">Bảo quản:</h3><ul style=\"margin-bottom: 10px; font-family: arial, helvetica, sans-serif; font-size: 13px;\"><li><p style=\"margin-right: 0px; margin-bottom: 10px; margin-left: 0px;\">Nơi khô ráo, thoáng mát.</p></li><li><p style=\"margin-right: 0px; margin-bottom: 10px; margin-left: 0px;\">Tránh ánh nắng trực tiếp, nơi có nhiệt độ cao hoặc ẩm ướt.</p></li><li><p style=\"margin-right: 0px; margin-bottom: 10px; margin-left: 0px;\">Đậy nắp kín sau khi sử dụng.</p></li></ul><h3 style=\"font-family: arial, helvetica, sans-serif; font-weight: bolder; line-height: 1.8; color: rgb(0, 0, 0); margin-right: 0px; margin-bottom: 11px; margin-left: 0px; font-size: 15px !important;\"><strong style=\"font-weight: bold;\">Thông số sản phẩm:</strong></h3><ul style=\"margin-bottom: 10px; font-family: arial, helvetica, sans-serif; font-size: 13px;\"><li><p style=\"margin-right: 0px; margin-bottom: 10px; margin-left: 0px;\"><strong style=\"font-weight: bold;\">Thương hiệu:</strong>&nbsp;Klairs</p></li><li><p style=\"margin-right: 0px; margin-bottom: 10px; margin-left: 0px;\"><strong style=\"font-weight: bold;\">Dung tích:&nbsp;</strong>30ml, 60g</p></li><li><p style=\"margin-right: 0px; margin-bottom: 10px; margin-left: 0px;\"><strong style=\"font-weight: bold;\">Xuất xứ thương hiệu:</strong>&nbsp;Hàn Quốc</p></li><li><p style=\"margin-right: 0px; margin-bottom: 10px; margin-left: 0px;\"><strong style=\"font-weight: bold;\">Sản xuất tại:</strong>&nbsp;Hàn Quốc.</p></li></ul></div>',_binary '','https://klairsvietnam.vn/wp-content/uploads/2020/07/Klairs-Midnight-Blue-Calming-Cream-60ml.jpg','Kem Dưỡng Ẩm Klairs Làm Dịu & Phục Hồi Da Ban Đêm 60g',27,575000.000,600,230,'<ul style=\"list-style-position: initial; list-style-image: initial; padding: 0px; margin-bottom: 1.3em; font-family: Lato, sans-serif; font-size: medium;\"><li style=\"margin-bottom: 0.6em; margin-left: 1.3em;\">Làm dịu những vùng da kích ứng</li><li style=\"margin-bottom: 0.6em; margin-left: 1.3em;\">Phục hồi da sau điều trị như : Lazer, tẩy da chết, cháy nắng…</li><li style=\"margin-bottom: 0.6em; margin-left: 1.3em;\">Giảm sưng tấy các vết thương sau khi điều trị mụn, hoặc lấy nhân mụn</li><li style=\"margin-bottom: 0.6em; margin-left: 1.3em;\">Nhanh chóng làm mềm mịn lại làn da</li><li style=\"margin-bottom: 0.6em; margin-left: 1.3em;\">Dung tích : 30ml</li><li style=\"margin-bottom: 0.6em; margin-left: 1.3em;\">Xuất xứ : Hàn Quốc</li></ul>','kem-duong-am-klairs-lam-diu--phuc-hoi-da-ban-em-60g',1),(14,'','2023-11-18 16:30:10.917000','',_binary '','https://scontent.fsgn5-3.fna.fbcdn.net/v/t39.30808-6/399929638_781957507277728_6847567237176967011_n.jpg?_nc_cat=104&ccb=1-7&_nc_sid=5f2048&_nc_ohc=lj6rz50_-lgAX-wDHcF&_nc_ht=scontent.fsgn5-3.fna&cb_e2o_trans=q&oh=00_AfCtZycw4czebf0dwVwDuN2_w4WkVOGywfcB2OFqWKR3jg&oe=655DA67B','ABV',70,500000.000,123,123,'','abv',19);
/*!40000 ALTER TABLE `products` ENABLE KEYS */;
UNLOCK TABLES;

--
-- Table structure for table `roles`
--

DROP TABLE IF EXISTS `roles`;
/*!40101 SET @saved_cs_client     = @@character_set_client */;
/*!50503 SET character_set_client = utf8mb4 */;
CREATE TABLE `roles` (
  `id` int NOT NULL AUTO_INCREMENT,
  `name` varchar(255) DEFAULT NULL,
  PRIMARY KEY (`id`)
) ENGINE=InnoDB AUTO_INCREMENT=3 DEFAULT CHARSET=utf8mb4 COLLATE=utf8mb4_0900_ai_ci;
/*!40101 SET character_set_client = @saved_cs_client */;

--
-- Dumping data for table `roles`
--

LOCK TABLES `roles` WRITE;
/*!40000 ALTER TABLE `roles` DISABLE KEYS */;
INSERT INTO `roles` VALUES (1,'ROLE_ADMIN'),(2,'ROLE_USER');
/*!40000 ALTER TABLE `roles` ENABLE KEYS */;
UNLOCK TABLES;

--
-- Table structure for table `users`
--

DROP TABLE IF EXISTS `users`;
/*!40101 SET @saved_cs_client     = @@character_set_client */;
/*!50503 SET character_set_client = utf8mb4 */;
CREATE TABLE `users` (
  `id` int NOT NULL AUTO_INCREMENT,
  `email` varchar(255) DEFAULT NULL,
  `enabled` bit(1) DEFAULT NULL,
  `full_name` varchar(255) DEFAULT NULL,
  `password` varchar(255) DEFAULT NULL,
  PRIMARY KEY (`id`),
  UNIQUE KEY `UK_6dotkott2kjsp8vw4d0m25fb7` (`email`)
) ENGINE=InnoDB AUTO_INCREMENT=5 DEFAULT CHARSET=utf8mb4 COLLATE=utf8mb4_0900_ai_ci;
/*!40101 SET character_set_client = @saved_cs_client */;

--
-- Dumping data for table `users`
--

LOCK TABLES `users` WRITE;
/*!40000 ALTER TABLE `users` DISABLE KEYS */;
INSERT INTO `users` VALUES (1,'admin',_binary '','Tuan Kiet','$2a$10$LCxnNrI3wxQ0Xx5DOv2iFOoS32soJEkjTyODyFORDryD7SS5r0htW'),(4,'quyquy123987@gmail.com',_binary '','Yasuki','$2a$10$AyRKhpAFyF002.apFhHaOui4iaxMqDwDk1xGcfci3/RFCxiFHv0/C');
/*!40000 ALTER TABLE `users` ENABLE KEYS */;
UNLOCK TABLES;

--
-- Table structure for table `users_roles`
--

DROP TABLE IF EXISTS `users_roles`;
/*!40101 SET @saved_cs_client     = @@character_set_client */;
/*!50503 SET character_set_client = utf8mb4 */;
CREATE TABLE `users_roles` (
  `user_id` int NOT NULL,
  `role_id` int NOT NULL,
  PRIMARY KEY (`user_id`,`role_id`),
  KEY `FKnp0dqq44iawoqn80pjdsul85i` (`role_id`),
  CONSTRAINT `FKdxdy3w4bd1qmgc4ei96as8q7m` FOREIGN KEY (`user_id`) REFERENCES `users` (`id`),
  CONSTRAINT `FKnp0dqq44iawoqn80pjdsul85i` FOREIGN KEY (`role_id`) REFERENCES `roles` (`id`)
) ENGINE=InnoDB DEFAULT CHARSET=utf8mb4 COLLATE=utf8mb4_0900_ai_ci;
/*!40101 SET character_set_client = @saved_cs_client */;

--
-- Dumping data for table `users_roles`
--

LOCK TABLES `users_roles` WRITE;
/*!40000 ALTER TABLE `users_roles` DISABLE KEYS */;
INSERT INTO `users_roles` VALUES (1,1),(4,1);
/*!40000 ALTER TABLE `users_roles` ENABLE KEYS */;
UNLOCK TABLES;
/*!40103 SET TIME_ZONE=@OLD_TIME_ZONE */;

/*!40101 SET SQL_MODE=@OLD_SQL_MODE */;
/*!40014 SET FOREIGN_KEY_CHECKS=@OLD_FOREIGN_KEY_CHECKS */;
/*!40014 SET UNIQUE_CHECKS=@OLD_UNIQUE_CHECKS */;
/*!40101 SET CHARACTER_SET_CLIENT=@OLD_CHARACTER_SET_CLIENT */;
/*!40101 SET CHARACTER_SET_RESULTS=@OLD_CHARACTER_SET_RESULTS */;
/*!40101 SET COLLATION_CONNECTION=@OLD_COLLATION_CONNECTION */;
/*!40111 SET SQL_NOTES=@OLD_SQL_NOTES */;

-- Dump completed on 2023-11-19  9:01:51
